compound_id,receptor_id,seed,pose_rank,score_kcal_mol,centroid_x,centroid_y,centroid_z
CHBA,8Z87,20260803,1,-6.301,96.71,128.197,125.032
CHBA,8Z87,20260803,2,-6.096,96.712,128.176,125.717
CHBA,8Z87,20260803,3,-6.068,97.643,127.79,125.373
CHBA,8Z87,20260803,4,-6.018,96.331,128.206,125.642
CHBA,8Z87,20260803,5,-5.966,96.202,129.067,125.497
CHBA,8Z87,20260803,6,-5.659,95.394,128.373,125.472
CHBA,8Z87,20260803,7,-5.621,98.068,127.551,124.844
CHBA,8Z87,20260803,8,-5.524,96.531,128.849,125.866
CHBA,8Z87,1,1,-6.298,96.661,128.154,125.075
CHBA,8Z87,1,2,-6.104,96.643,128.294,125.851
CHBA,8Z87,1,3,-6.057,97.642,127.996,125.432
CHBA,8Z87,1,4,-6.002,96.332,128.131,125.751
CHBA,8Z87,1,5,-5.999,96.165,129.134,125.752
CHBA,8Z87,1,6,-5.736,96.565,128.607,125.7
CHBA,8Z87,1,7,-5.633,97.969,127.588,124.967
CHBA,8Z87,1,8,-5.546,95.057,128.445,125.271
CHBA,8Z87,2,1,-6.294,96.671,128.023,125.113
CHBA,8Z87,2,2,-6.1,96.69,128.236,125.745
CHBA,8Z87,2,3,-6.068,97.662,127.881,125.431
CHBA,8Z87,2,4,-6.018,96.474,128.351,125.767
CHBA,8Z87,2,5,-5.991,96.185,129.015,125.629
CHBA,8Z87,2,6,-5.942,96.317,128.327,125.726
CHBA,8Z87,2,7,-5.703,96.443,128.654,125.639
CHBA,8Z87,2,8,-5.632,98.048,127.523,124.914
CHBA,8Z87,3,1,-6.308,96.649,128.219,125.052
CHBA,8Z87,3,2,-6.077,96.74,128.279,125.725
CHBA,8Z87,3,3,-6.07,97.618,127.881,125.351
CHBA,8Z87,3,4,-5.998,96.349,128.225,125.829
CHBA,8Z87,3,5,-5.968,96.105,128.945,125.59
CHBA,8Z87,3,6,-5.846,96.485,128.505,125.61
CHBA,8Z87,3,7,-5.608,98.124,127.591,124.797
CHBA,8Z87,3,8,-5.548,96.592,128.763,125.897
CHBA,8Z87,4,1,-6.293,96.671,128.114,125.065
CHBA,8Z87,4,2,-6.103,96.761,128.297,125.661
CHBA,8Z87,4,3,-6.07,97.592,127.948,125.408
CHBA,8Z87,4,4,-6.018,96.371,128.218,125.747
CHBA,8Z87,4,5,-6.002,96.187,129.098,125.657
CHBA,8Z87,4,6,-5.825,96.198,128.475,125.647
CHBA,8Z87,4,7,-5.547,96.576,128.719,125.883
CHBA,8Z87,4,8,-5.395,98.913,118.18,129.351
CHBA,8Z87,5,1,-6.311,96.698,128.286,125.01
CHBA,8Z87,5,2,-6.082,97.515,127.828,125.399
CHBA,8Z87,5,3,-6.082,96.674,128.188,125.86
CHBA,8Z87,5,4,-6.031,96.61,127.767,125.896
CHBA,8Z87,5,5,-5.995,96.14,129.14,125.644
CHBA,8Z87,5,6,-5.712,96.469,128.589,125.774
CHBA,8Z87,5,7,-5.633,95.414,128.413,125.546
CHBA,8Z87,5,8,-5.633,98.11,127.466,124.841
CHBA,8Z87,6,1,-6.301,96.731,128.105,124.981
CHBA,8Z87,6,2,-6.097,96.706,128.217,125.745
CHBA,8Z87,6,3,-6.071,97.617,127.909,125.265
CHBA,8Z87,6,4,-6.007,96.366,128.206,125.805
CHBA,8Z87,6,5,-6.0,96.21,129.033,125.741
CHBA,8Z87,6,6,-5.839,96.243,128.532,125.676
CHBA,8Z87,6,7,-5.619,98.122,127.409,124.888
CHBA,8Z87,6,8,-5.518,96.563,128.866,126.003
CHBA,8Z87,7,1,-6.293,96.686,128.203,125.074
CHBA,8Z87,7,2,-6.084,96.647,128.274,125.781
CHBA,8Z87,7,3,-6.07,97.582,127.78,125.372
CHBA,8Z87,7,4,-5.968,96.206,129.116,125.685
CHBA,8Z87,7,5,-5.728,96.413,128.652,125.652
CHBA,8Z87,7,6,-5.529,96.544,128.827,125.949
CHBA,8Z87,7,7,-5.503,95.277,128.535,125.217
CHBA,8Z87,7,8,-5.422,98.837,117.985,129.442
CHBA,9KT9,20260803,1,-5.897,117.861,138.429,157.381
CHBA,9KT9,20260803,2,-5.556,117.342,134.239,145.972
CHBA,9KT9,20260803,3,-5.536,119.486,132.722,149.573
CHBA,9KT9,20260803,4,-5.443,117.742,133.866,146.475
CHBA,9KT9,20260803,5,-5.432,118.97,132.734,150.134
CHBA,9KT9,20260803,6,-5.384,116.482,133.691,144.267
CHBA,9KT9,20260803,7,-5.381,115.427,132.151,144.247
CHBA,9KT9,20260803,8,-5.287,118.389,133.251,145.577
CHBA,9KT9,1,1,-5.89,117.98,138.437,157.291
CHBA,9KT9,1,2,-5.561,117.246,134.427,145.862
CHBA,9KT9,1,3,-5.456,117.823,133.89,146.451
CHBA,9KT9,1,4,-5.448,119.572,133.214,148.492
CHBA,9KT9,1,5,-5.423,118.648,133.289,150.148
CHBA,9KT9,1,6,-5.408,118.979,132.592,150.246
CHBA,9KT9,1,7,-5.391,116.686,133.626,144.298
CHBA,9KT9,1,8,-5.333,115.519,132.15,144.141
CHBA,9KT9,2,1,-5.894,117.948,138.504,157.312
CHBA,9KT9,2,2,-5.575,117.157,134.449,146.042
CHBA,9KT9,2,3,-5.533,119.563,132.703,149.564
CHBA,9KT9,2,4,-5.432,117.72,133.891,146.53
CHBA,9KT9,2,5,-5.398,118.986,132.624,150.209
CHBA,9KT9,2,6,-5.391,115.406,132.227,144.202
CHBA,9KT9,2,7,-5.386,116.713,133.612,144.365
CHBA,9KT9,2,8,-5.298,118.243,133.347,145.589
CHBA,9KT9,3,1,-5.875,117.963,138.384,157.535
CHBA,9KT9,3,2,-5.592,117.241,134.27,146.089
CHBA,9KT9,3,3,-5.504,119.552,132.616,149.62
CHBA,9KT9,3,4,-5.464,117.802,133.878,146.417
CHBA,9KT9,3,5,-5.441,119.591,133.144,148.477
CHBA,9KT9,3,6,-5.428,119.042,132.735,150.101
CHBA,9KT9,3,7,-5.373,115.392,132.178,144.2
CHBA,9KT9,3,8,-5.37,116.574,133.636,144.288
CHBA,9KT9,4,1,-5.908,118.068,138.384,157.466
CHBA,9KT9,4,2,-5.565,117.254,134.541,145.939
CHBA,9KT9,4,3,-5.522,119.488,132.797,149.63
CHBA,9KT9,4,4,-5.459,119.691,133.312,148.554
CHBA,9KT9,4,5,-5.451,117.706,133.982,146.488
CHBA,9KT9,4,6,-5.397,118.999,132.703,150.007
CHBA,9KT9,4,7,-5.377,116.463,133.586,144.42
CHBA,9KT9,4,8,-5.371,115.512,132.136,144.339
CHBA,9KT9,5,1,-5.614,117.269,134.248,145.907
CHBA,9KT9,5,2,-5.544,119.654,132.756,149.613
CHBA,9KT9,5,3,-5.458,119.472,133.356,148.449
CHBA,9KT9,5,4,-5.457,117.803,134.023,146.464
CHBA,9KT9,5,5,-5.436,118.994,132.711,150.167
CHBA,9KT9,5,6,-5.416,118.638,133.317,150.05
CHBA,9KT9,5,7,-5.396,115.4,132.178,144.351
CHBA,9KT9,5,8,-5.311,116.779,133.615,144.523
CHBA,9KT9,6,1,-5.893,117.919,138.513,157.349
CHBA,9KT9,6,2,-5.586,117.278,134.346,146.017
CHBA,9KT9,6,3,-5.537,119.694,132.709,149.614
CHBA,9KT9,6,4,-5.457,117.68,133.927,146.475
CHBA,9KT9,6,5,-5.351,118.116,140.401,155.821
CHBA,9KT9,6,6,-5.33,115.427,132.192,144.204
CHBA,9KT9,6,7,-5.309,116.679,133.569,144.558
CHBA,9KT9,6,8,-5.309,118.311,133.329,145.655
CHBA,9KT9,7,1,-5.911,118.115,138.405,157.475
CHBA,9KT9,7,2,-5.582,117.335,134.52,146.057
CHBA,9KT9,7,3,-5.525,119.584,132.742,149.638
CHBA,9KT9,7,4,-5.462,119.547,133.415,148.448
CHBA,9KT9,7,5,-5.453,117.815,133.889,146.578
CHBA,9KT9,7,6,-5.406,118.662,133.101,149.999
CHBA,9KT9,7,7,-5.339,116.676,133.692,144.344
CHBA,9KT9,7,8,-5.279,118.419,133.302,145.72
CHBA,8Z8A,20260803,1,-5.943,95.573,128.362,125.585
CHBA,8Z8A,20260803,2,-5.91,95.175,128.261,125.482
CHBA,8Z8A,20260803,3,-5.843,96.162,129.104,126.145
CHBA,8Z8A,20260803,4,-5.829,96.054,127.33,125.02
CHBA,8Z8A,20260803,5,-5.818,95.549,129.201,125.912
CHBA,8Z8A,20260803,6,-5.665,95.166,128.539,125.492
CHBA,8Z8A,20260803,7,-5.571,99.107,133.634,133.881
CHBA,8Z8A,20260803,8,-5.397,96.19,128.414,125.316
CHBA,8Z8A,1,1,-5.94,95.258,128.39,125.54
CHBA,8Z8A,1,2,-5.938,95.663,128.393,125.533
CHBA,8Z8A,1,3,-5.869,96.192,129.027,126.003
CHBA,8Z8A,1,4,-5.831,96.137,127.256,125.043
CHBA,8Z8A,1,5,-5.825,95.492,129.328,125.822
CHBA,8Z8A,1,6,-5.633,95.246,128.608,125.462
CHBA,8Z8A,1,7,-5.556,99.214,133.536,133.983
CHBA,8Z8A,1,8,-5.367,96.546,128.661,125.95
CHBA,8Z8A,2,1,-5.934,95.154,128.226,125.564
CHBA,8Z8A,2,2,-5.923,95.445,128.446,125.586
CHBA,8Z8A,2,3,-5.908,95.461,129.344,126.007
CHBA,8Z8A,2,4,-5.842,96.056,127.296,125.093
CHBA,8Z8A,2,5,-5.838,96.106,128.948,125.956
CHBA,8Z8A,2,6,-5.621,95.536,128.492,125.646
CHBA,8Z8A,2,7,-5.549,99.056,133.556,133.899
CHBA,8Z8A,2,8,-5.404,101.189,133.464,133.432
CHBA,8Z8A,3,1,-5.964,95.456,129.699,125.689
CHBA,8Z8A,3,2,-5.956,95.341,128.55,125.522
CHBA,8Z8A,3,3,-5.927,95.467,128.42,125.589
CHBA,8Z8A,3,4,-5.831,96.047,127.368,125.165
CHBA,8Z8A,3,5,-5.798,96.0,129.023,125.918
CHBA,8Z8A,3,6,-5.644,95.073,128.568,125.638
CHBA,8Z8A,3,7,-5.58,96.773,128.202,125.535
CHBA,8Z8A,3,8,-5.556,99.081,133.602,133.908
CHBA,8Z8A,4,1,-5.926,95.262,128.403,125.428
CHBA,8Z8A,4,2,-5.921,95.528,128.312,125.648
CHBA,8Z8A,4,3,-5.873,95.562,129.113,125.884
CHBA,8Z8A,4,4,-5.837,96.13,127.35,125.035
CHBA,8Z8A,4,5,-5.796,96.142,129.114,125.96
CHBA,8Z8A,4,6,-5.606,95.492,128.481,125.723
CHBA,8Z8A,4,7,-5.586,96.892,128.395,125.428
CHBA,8Z8A,4,8,-5.545,99.136,133.613,133.79
CHBA,8Z8A,5,1,-5.955,95.249,128.374,125.407
CHBA,8Z8A,5,2,-5.934,95.588,128.296,125.6
CHBA,8Z8A,5,3,-5.874,95.641,129.257,125.931
CHBA,8Z8A,5,4,-5.86,95.733,128.556,125.124
CHBA,8Z8A,5,5,-5.827,96.045,128.991,126.009
CHBA,8Z8A,5,6,-5.821,96.03,127.367,125.159
CHBA,8Z8A,5,7,-5.638,95.041,128.533,125.613
CHBA,8Z8A,5,8,-5.573,96.706,128.459,125.44
CHBA,8Z8A,6,1,-5.947,95.407,128.388,125.623
CHBA,8Z8A,6,2,-5.922,95.374,129.51,125.775
CHBA,8Z8A,6,3,-5.919,95.248,128.372,125.512
CHBA,8Z8A,6,4,-5.845,96.19,127.387,125.126
CHBA,8Z8A,6,5,-5.829,96.134,129.182,126.031
CHBA,8Z8A,6,6,-5.644,95.162,128.601,125.404
CHBA,8Z8A,6,7,-5.563,99.025,133.597,134.034
CHBA,8Z8A,6,8,-5.413,101.298,133.531,133.494
CHBA,8Z8A,7,1,-5.956,95.336,128.478,125.52
CHBA,8Z8A,7,2,-5.935,95.639,128.31,125.684
CHBA,8Z8A,7,3,-5.862,95.485,129.256,125.865
CHBA,8Z8A,7,4,-5.833,96.037,127.314,125.064
CHBA,8Z8A,7,5,-5.832,96.059,128.939,126.022
CHBA,8Z8A,7,6,-5.63,95.171,128.665,125.492
CHBA,8Z8A,7,7,-5.552,99.005,133.658,133.808
CHBA,8Z8A,7,8,-5.551,96.617,128.525,125.308
3_OBA,8Z87,20260803,1,-4.787,96.397,129.767,126.676
3_OBA,8Z87,20260803,2,-4.445,95.161,128.277,125.767
3_OBA,8Z87,20260803,3,-4.439,95.783,128.068,125.924
3_OBA,8Z87,20260803,4,-4.403,95.535,128.339,125.148
3_OBA,8Z87,20260803,5,-4.367,96.677,127.824,126.288
3_OBA,8Z87,20260803,6,-4.34,97.568,126.47,124.58
3_OBA,8Z87,20260803,7,-4.327,96.292,134.206,133.742
3_OBA,8Z87,20260803,8,-4.208,97.748,126.581,124.692
3_OBA,8Z87,1,1,-4.8,96.655,129.872,126.655
3_OBA,8Z87,1,2,-4.449,95.03,128.25,125.686
3_OBA,8Z87,1,3,-4.436,95.857,128.17,125.954
3_OBA,8Z87,1,4,-4.403,95.593,128.339,125.369
3_OBA,8Z87,1,5,-4.352,97.606,126.734,124.714
3_OBA,8Z87,1,6,-4.352,96.289,134.15,134.024
3_OBA,8Z87,1,7,-4.324,96.918,128.583,126.266
3_OBA,8Z87,1,8,-4.163,98.364,126.882,124.662
3_OBA,8Z87,2,1,-4.786,96.547,129.84,126.715
3_OBA,8Z87,2,2,-4.458,95.111,128.312,125.659
3_OBA,8Z87,2,3,-4.382,96.746,127.796,126.197
3_OBA,8Z87,2,4,-4.374,95.917,128.029,125.849
3_OBA,8Z87,2,5,-4.357,96.583,128.711,126.456
3_OBA,8Z87,2,6,-4.347,96.206,134.174,133.974
3_OBA,8Z87,2,7,-4.346,97.578,126.579,124.815
3_OBA,8Z87,2,8,-4.242,96.868,128.075,126.24
3_OBA,8Z87,3,1,-4.793,96.447,129.898,126.671
3_OBA,8Z87,3,2,-4.431,95.456,128.427,125.788
3_OBA,8Z87,3,3,-4.43,95.884,128.087,125.784
3_OBA,8Z87,3,4,-4.343,96.363,134.182,133.694
3_OBA,8Z87,3,5,-4.291,97.682,126.594,124.551
3_OBA,8Z87,3,6,-4.289,96.946,127.515,126.12
3_OBA,8Z87,3,7,-4.288,96.14,134.763,133.894
3_OBA,8Z87,4,1,-4.79,96.435,129.76,126.679
3_OBA,8Z87,4,2,-4.456,95.009,128.314,125.829
3_OBA,8Z87,4,3,-4.433,95.698,128.126,125.789
3_OBA,8Z87,4,4,-4.411,96.815,129.564,126.192
3_OBA,8Z87,4,5,-4.345,96.402,134.178,133.869
3_OBA,8Z87,4,6,-4.289,96.165,134.748,133.899
3_OBA,8Z87,4,7,-4.287,96.328,128.015,125.973
3_OBA,8Z87,4,8,-4.2,97.813,126.378,124.71
3_OBA,8Z87,5,1,-4.795,96.477,129.98,126.654
3_OBA,8Z87,5,2,-4.452,95.12,128.313,125.859
3_OBA,8Z87,5,3,-4.441,95.66,128.12,125.908
3_OBA,8Z87,5,4,-4.358,96.568,127.855,126.237
3_OBA,8Z87,5,5,-4.351,96.417,134.125,133.898
3_OBA,8Z87,5,6,-4.339,97.529,126.743,124.726
3_OBA,8Z87,5,7,-4.292,96.293,134.579,133.955
3_OBA,8Z87,5,8,-4.223,97.83,128.207,126.26
3_OBA,8Z87,6,1,-4.804,96.535,129.775,126.669
3_OBA,8Z87,6,2,-4.458,95.0,128.184,125.86
3_OBA,8Z87,6,3,-4.44,95.861,128.129,125.772
3_OBA,8Z87,6,4,-4.38,96.807,127.832,126.261
3_OBA,8Z87,6,5,-4.35,96.411,134.129,133.884
3_OBA,8Z87,6,6,-4.266,97.666,126.564,124.617
3_OBA,8Z87,6,7,-4.211,97.525,128.298,126.101
3_OBA,8Z87,6,8,-4.211,97.728,126.536,124.764
3_OBA,8Z87,7,1,-4.791,96.556,129.904,126.524
3_OBA,8Z87,7,2,-4.45,94.879,128.299,125.744
3_OBA,8Z87,7,3,-4.423,95.847,128.055,125.975
3_OBA,8Z87,7,4,-4.369,96.592,127.848,126.17
3_OBA,8Z87,7,5,-4.345,96.19,134.142,133.93
3_OBA,8Z87,7,6,-4.338,97.61,126.522,124.644
3_OBA,8Z87,7,7,-4.251,96.646,127.957,126.255
3_OBA,8Z87,7,8,-4.204,97.637,126.625,124.569
3_OBA,9KT9,20260803,1,-4.02,119.353,138.883,156.713
3_OBA,9KT9,20260803,2,-3.954,118.551,137.808,157.395
3_OBA,9KT9,20260803,3,-3.79,121.725,130.432,148.918
3_OBA,9KT9,20260803,4,-3.751,119.679,133.957,149.115
3_OBA,9KT9,20260803,5,-3.723,118.831,134.864,149.51
3_OBA,9KT9,20260803,6,-3.691,118.907,133.814,149.566
3_OBA,9KT9,20260803,7,-3.631,110.465,139.563,148.358
3_OBA,9KT9,20260803,8,-3.574,109.943,139.314,147.689
3_OBA,9KT9,1,1,-3.995,119.591,138.789,156.892
3_OBA,9KT9,1,2,-3.836,118.74,137.728,157.218
3_OBA,9KT9,1,3,-3.787,121.929,130.569,148.838
3_OBA,9KT9,1,4,-3.752,119.429,133.986,149.391
3_OBA,9KT9,1,5,-3.715,118.716,134.884,149.504
3_OBA,9KT9,1,6,-3.695,118.4,133.864,150.95
3_OBA,9KT9,1,7,-3.632,110.204,139.477,148.283
3_OBA,9KT9,1,8,-3.593,110.554,139.866,147.673
3_OBA,9KT9,2,1,-4.012,119.401,138.725,156.695
3_OBA,9KT9,2,2,-3.947,118.576,137.818,157.438
3_OBA,9KT9,2,3,-3.788,122.051,130.513,148.86
3_OBA,9KT9,2,4,-3.752,119.722,134.116,149.066
3_OBA,9KT9,2,5,-3.712,118.793,134.793,149.495
3_OBA,9KT9,2,6,-3.701,118.486,133.633,150.999
3_OBA,9KT9,2,7,-3.656,110.328,139.587,148.187
3_OBA,9KT9,2,8,-3.602,110.671,139.831,147.66
3_OBA,9KT9,3,1,-4.014,119.3,138.853,156.662
3_OBA,9KT9,3,2,-3.953,118.676,137.553,157.569
3_OBA,9KT9,3,3,-3.791,121.821,130.358,148.923
3_OBA,9KT9,3,4,-3.755,119.699,134.141,149.235
3_OBA,9KT9,3,5,-3.712,118.777,134.914,149.504
3_OBA,9KT9,3,6,-3.682,119.177,133.865,149.764
3_OBA,9KT9,3,7,-3.657,110.249,139.515,148.263
3_OBA,9KT9,3,8,-3.596,110.584,139.794,147.601
3_OBA,9KT9,4,1,-4.022,119.458,138.727,156.732
3_OBA,9KT9,4,2,-3.924,118.588,138.085,157.404
3_OBA,9KT9,4,3,-3.818,121.97,130.725,148.91
3_OBA,9KT9,4,4,-3.747,119.544,133.836,149.37
3_OBA,9KT9,4,5,-3.716,118.838,134.87,149.453
3_OBA,9KT9,4,6,-3.678,118.933,133.856,149.783
3_OBA,9KT9,4,7,-3.643,110.385,139.504,148.416
3_OBA,9KT9,4,8,-3.61,110.699,139.851,147.745
3_OBA,9KT9,5,1,-4.017,119.445,138.825,156.693
3_OBA,9KT9,5,2,-3.928,118.526,137.921,157.112
3_OBA,9KT9,5,3,-3.769,121.773,130.43,149.065
3_OBA,9KT9,5,4,-3.76,119.555,134.22,149.212
3_OBA,9KT9,5,5,-3.725,118.836,134.881,149.477
3_OBA,9KT9,5,6,-3.687,118.56,133.866,150.958
3_OBA,9KT9,5,7,-3.659,110.372,139.314,148.316
3_OBA,9KT9,5,8,-3.588,109.807,139.382,147.586
3_OBA,9KT9,6,1,-4.032,119.584,138.884,156.665
3_OBA,9KT9,6,2,-3.926,118.677,137.664,157.627
3_OBA,9KT9,6,3,-3.792,122.109,130.535,148.984
3_OBA,9KT9,6,4,-3.769,119.342,133.927,149.432
3_OBA,9KT9,6,5,-3.717,118.581,133.78,151.098
3_OBA,9KT9,6,6,-3.675,118.788,134.961,149.537
3_OBA,9KT9,6,7,-3.626,110.287,139.584,148.253
3_OBA,9KT9,6,8,-3.603,110.506,139.822,147.631
3_OBA,9KT9,7,1,-4.011,119.543,138.947,156.681
3_OBA,9KT9,7,2,-3.938,118.623,137.672,157.507
3_OBA,9KT9,7,3,-3.78,121.715,130.568,148.921
3_OBA,9KT9,7,4,-3.748,119.473,133.776,149.34
3_OBA,9KT9,7,5,-3.712,118.8,134.916,149.52
3_OBA,9KT9,7,6,-3.666,119.133,134.019,149.655
3_OBA,9KT9,7,7,-3.637,110.256,139.432,148.047
3_OBA,9KT9,7,8,-3.595,110.676,139.88,147.737
3_OBA,8Z8A,20260803,1,-4.625,96.037,129.354,126.348
3_OBA,8Z8A,20260803,2,-4.489,96.575,128.407,125.876
3_OBA,8Z8A,20260803,3,-4.419,95.652,129.009,126.398
3_OBA,8Z8A,20260803,4,-4.383,96.257,127.149,124.846
3_OBA,8Z8A,20260803,5,-4.379,95.607,127.927,125.749
3_OBA,8Z8A,20260803,6,-4.338,93.952,128.214,125.736
3_OBA,8Z8A,20260803,7,-4.197,93.762,128.289,125.539
3_OBA,8Z8A,20260803,8,-4.188,95.803,128.056,125.548
3_OBA,8Z8A,1,1,-4.621,96.126,129.561,126.511
3_OBA,8Z8A,1,2,-4.562,95.983,128.782,126.547
3_OBA,8Z8A,1,3,-4.548,96.53,128.328,125.878
3_OBA,8Z8A,1,4,-4.495,95.965,128.709,126.298
3_OBA,8Z8A,1,5,-4.316,96.608,127.166,124.528
3_OBA,8Z8A,1,6,-4.209,95.732,127.359,124.851
3_OBA,8Z8A,1,7,-4.207,93.718,127.994,125.582
3_OBA,8Z8A,1,8,-4.152,96.784,128.006,125.783
3_OBA,8Z8A,2,1,-4.621,96.165,129.42,126.479
3_OBA,8Z8A,2,2,-4.551,96.178,128.835,126.491
3_OBA,8Z8A,2,3,-4.547,96.693,128.309,125.983
3_OBA,8Z8A,2,4,-4.38,95.576,128.871,126.229
3_OBA,8Z8A,2,5,-4.363,96.45,127.149,124.426
3_OBA,8Z8A,2,6,-4.333,93.819,128.236,125.648
3_OBA,8Z8A,2,7,-4.309,96.644,129.836,126.268
3_OBA,8Z8A,2,8,-4.223,95.684,127.973,125.659
3_OBA,8Z8A,3,1,-4.64,96.012,129.555,126.416
3_OBA,8Z8A,3,2,-4.495,96.077,128.389,126.052
3_OBA,8Z8A,3,3,-4.434,95.766,129.031,126.415
3_OBA,8Z8A,3,4,-4.32,96.469,127.115,124.517
3_OBA,8Z8A,3,5,-4.277,95.479,127.855,125.468
3_OBA,8Z8A,3,6,-4.195,95.396,127.482,124.882
3_OBA,8Z8A,3,7,-4.189,96.62,128.137,125.751
3_OBA,8Z8A,3,8,-4.107,95.008,134.344,134.529
3_OBA,8Z8A,4,1,-4.627,95.982,129.63,126.435
3_OBA,8Z8A,4,2,-4.509,96.614,128.275,125.901
3_OBA,8Z8A,4,3,-4.501,95.972,128.42,126.273
3_OBA,8Z8A,4,4,-4.445,95.818,129.009,126.29
3_OBA,8Z8A,4,5,-4.367,96.478,127.127,124.794
3_OBA,8Z8A,4,6,-4.328,93.993,128.131,125.53
3_OBA,8Z8A,4,7,-4.226,95.732,127.949,125.816
3_OBA,8Z8A,4,8,-4.118,95.258,128.111,125.115
3_OBA,8Z8A,5,1,-4.636,95.944,129.535,126.407
3_OBA,8Z8A,5,2,-4.564,96.83,128.247,125.853
3_OBA,8Z8A,5,3,-4.502,95.763,128.641,126.34
3_OBA,8Z8A,5,4,-4.342,95.625,127.83,125.814
3_OBA,8Z8A,5,5,-4.341,93.894,128.275,125.594
3_OBA,8Z8A,5,6,-4.319,96.421,127.129,124.689
3_OBA,8Z8A,5,7,-4.196,95.973,128.114,125.677
3_OBA,8Z8A,5,8,-4.094,95.24,134.484,134.513
3_OBA,8Z8A,6,1,-4.633,96.01,129.347,126.507
3_OBA,8Z8A,6,2,-4.552,96.686,128.215,125.87
3_OBA,8Z8A,6,3,-4.396,96.231,126.992,124.555
3_OBA,8Z8A,6,4,-4.39,95.702,128.698,126.163
3_OBA,8Z8A,6,5,-4.337,95.587,127.944,125.749
3_OBA,8Z8A,6,6,-4.334,93.819,128.151,125.64
3_OBA,8Z8A,6,7,-4.152,95.984,127.264,125.821
3_OBA,8Z8A,6,8,-4.097,95.341,134.469,134.511
3_OBA,8Z8A,7,1,-4.629,96.127,129.391,126.394
3_OBA,8Z8A,7,2,-4.524,95.956,128.668,126.191
3_OBA,8Z8A,7,3,-4.401,96.278,127.015,124.674
3_OBA,8Z8A,7,4,-4.383,95.615,128.784,126.318
3_OBA,8Z8A,7,5,-4.332,93.83,128.26,125.676
3_OBA,8Z8A,7,6,-4.242,95.628,127.896,125.678
3_OBA,8Z8A,7,7,-4.241,95.394,128.823,125.672
3_OBA,8Z8A,7,8,-4.201,96.308,127.95,125.976
