paper_compound_number,series,source_table,smiles,formula,calc_M_plus_H,si_M_plus_H,delta_mDa,MW,InChIKey,EC50_uM,status,notes
1,acyl_urea,Tables 1-6,CCOc1cc(Cl)c(C(=O)NC(=O)Nc2nc3ccc(S(=O)(=O)C4CCN(C)CC4)cc3s2)cc1-n1cccn1,C26H27ClN6O5S2,603.1246,,,603.13,ZVDDZDATCIKPCU-UHFFFAOYSA-N,0.023,authoritative,2 is also listed as the AZ tool-compound agonist 1 only if identity is confirmed; paper does not provide CID.
2,acyl_urea,Tables 1-6,CCOc1cc(Cl)c(C(=O)NC(=O)Nc2nc3ccc(CN4CCN(C)CC4)cc3s2)cc1N1CCOCC1,C27H33ClN6O4S,573.2045,,,573.12,NNVMPPRFBOTMMO-UHFFFAOYSA-N,0.074,authoritative,2 is also listed as the AZ tool-compound agonist 1 only if identity is confirmed; paper does not provide CID.
3,acyl_urea,Tables 1-6,CCOc1cc(C)c(C(=O)NC(=O)Nc2nc3ccc(CN4CCN(C)CC4)cc3s2)cc1N1CCOCC1,C28H36N6O4S,553.2592,553.2624,-3.25,552.7,QBPIGLSGJHKQCQ-UHFFFAOYSA-N,>3.7,reconstructed_and_MS_validated,
4,acyl_urea,Tables 1-6,CCOc1cc(C(F)(F)F)c(C(=O)NC(=O)Nc2nc3ccc(CN4CCN(C)CC4)cc3s2)cc1N1CCOCC1,C28H33F3N6O4S,607.2309,607.233,-2.11,606.67,HJGGPYWWMDRAPX-UHFFFAOYSA-N,1.4,reconstructed_and_MS_validated,
5,acyl_urea,Tables 1-6,CCOc1cc(C(=O)NC(=O)Nc2nc3ccc(CN4CCN(C)CC4)cc3s2)cc(N2CCOCC2)c1,C27H34N6O4S,539.2435,539.2452,-1.7,538.67,BUGDRFINGSOKDO-UHFFFAOYSA-N,0.74 (47%),reconstructed_and_MS_validated,
6,acyl_urea,Tables 1-6,Cc1cc(Cl)c(C(=O)NC(=O)Nc2nc3ccc(S(=O)(=O)C4CCN(C)CC4)cc3s2)cc1-n1cccn1,C25H25ClN6O4S2,573.114,573.117,-3.0,573.1,HMHVCJRMBBKJSR-UHFFFAOYSA-N,6.1 (70%),reconstructed_and_MS_validated,
7,acyl_urea,Tables 1-6,FC1=CC(Cl)=C(C(=O)NC(=O)Nc2nc3ccc(S(=O)(=O)C4CCN(C)CC4)cc3s2)C=C1-n1cccn1,C24H22ClFN6O4S2,577.0889,577.09,-1.07,577.06,REUCKKFMLPTUFH-UHFFFAOYSA-N,3.6 (70%),reconstructed_and_MS_validated,
8,acyl_urea,Tables 1-6,Clc1cc(C(=O)NC(=O)Nc2nc3ccc(S(=O)(=O)C4CCN(C)CC4)cc3s2)cc(-n2cccn2)c1,C24H23ClN6O4S2,559.0984,559.0988,-0.45,559.07,LSEKBBDNXUVCTP-UHFFFAOYSA-N,7.0 (74%),reconstructed_and_MS_validated,
9,acyl_urea,Tables 1-6,CCOc1cc(Cl)c(C(=O)NC(=O)Nc2nc3ccc(CN4CCN(C)CC4)cc3s2)cc1N1CCOC(C)C1,C28H35ClN6O4S,587.2202,587.2225,-2.32,587.15,OGELZENQJDICEW-UHFFFAOYSA-N,0.032,reconstructed_and_MS_validated,
10,acyl_urea,Tables 1-6,CCOc1cc(Cl)c(C(=O)NC(=O)Nc2nc3ccc(CN4CCN(C)CC4)cc3s2)cc1N1CCCC1,C27H33ClN6O3S,557.2096,557.2138,-4.18,557.12,WNWWAQFBWXVQOO-UHFFFAOYSA-N,0.013,reconstructed_and_MS_validated,
11,acyl_urea,Tables 1-6,CCOc1cc(Cl)c(C(=O)NC(=O)Nc2nc3ccc(CN4CCN(C)CC4)cc3s2)cc1-n1cccn1,C26H28ClN7O3S,554.1736,554.1778,-4.23,554.08,BTZXCUMBZQPILJ-UHFFFAOYSA-N,0.019,reconstructed_and_MS_validated,
12,acyl_urea,Tables 1-6,CCOc1cc(Cl)c(C(=O)NC(=O)Nc2nc3ccc(CN4CCN(C)CC4)cc3s2)cc1-n1cccc1,C27H29ClN6O3S,553.1783,553.1797,-1.38,553.09,RUQJHRAXGYTPDB-UHFFFAOYSA-N,0.022,reconstructed_and_MS_validated,
13,acyl_urea,Tables 1-6,CCOc1cc(Cl)c(C(=O)NC(=O)Nc2nc3ccc(CN4CCN(C)CC4)cc3s2)cc1-c1cn[nH]c1,C26H28ClN7O3S,554.1736,554.1739,-0.33,554.08,ZASAAYUVPNWEIM-UHFFFAOYSA-N,0.36,reconstructed_and_MS_validated,
14,acyl_urea,Tables 1-6,CCOc1cc(Cl)c(C(=O)NC(=O)Nc2nc3ccc(CN4CCN(C)CC4)cc3s2)cc1,C23H26ClN5O3S,488.1518,488.1552,-3.43,488.01,CKUPVWMDKZJWMT-UHFFFAOYSA-N,0.56 (47%),reconstructed_and_MS_validated,
15,acyl_urea,Tables 1-6,CCOc1cc(Cl)c(C(=O)NC(=O)Nc2nc3ccccc3s2)cc1N1CCOCC1,C21H21ClN4O4S,461.1045,461.1058,-1.32,460.94,RAPKADCEGXVOKM-UHFFFAOYSA-N,0.299,reconstructed_and_MS_validated,
16,acyl_urea,Tables 1-6,CCOc1cc(Cl)c(C(=O)NC(=O)Nc2nc(-c3ccccc3)cs2)cc1N1CCOCC1,C23H23ClN4O4S,487.1201,487.1224,-2.27,486.98,WFWROQSVWNEUGF-UHFFFAOYSA-N,0.103,reconstructed_and_MS_validated,
17,acyl_urea,Tables 1-6,CCOc1cc(Cl)c(C(=O)NC(=O)Nc2cc3ccccc3s2)cc1N1CCOCC1,C22H22ClN3O4S,460.1092,460.112,-2.77,459.96,PGIMTMGNGANNLT-UHFFFAOYSA-N,0.260,reconstructed_and_MS_validated,
18,acyl_urea,Tables 1-6,CCOc1cc(Cl)c(C(=O)NC(=O)Nc2ncc(C)s2)cc1N1CCOCC1,C18H21ClN4O4S,425.1045,425.1046,-0.12,424.91,TXEAMLIEAGQHDO-UHFFFAOYSA-N,0.769,reconstructed_and_MS_validated,
19,acyl_urea,Tables 1-6,CCOc1cc(Cl)c(C(=O)NC(=O)Nc2nc3c(s2)CCCC3)cc1N1CCOCC1,C21H25ClN4O4S,465.1358,,,464.98,IAVNEGFLCSYXND-UHFFFAOYSA-N,0.120,reconstructed_and_MS_validated,
20,acyl_urea,Tables 1-6,CCOc1cc(Cl)c(C(=O)NC(=O)Nc2nc3c(s2)CN(C(C)=O)CC3)cc1N1CCOCC1,C22H26ClN5O5S,508.1416,508.1445,-2.9,508.0,SUPPGYHTAHGWHH-UHFFFAOYSA-N,0.719,reconstructed_and_MS_validated,
21,acyl_urea,Tables 1-6,CCOc1cc(Cl)c(C(=O)NC(=O)Nc2nc3c(s2)CN(C(=O)CO)CC3)cc1N1CCOCC1,C22H26ClN5O6S,524.1365,524.1407,-4.19,524.0,BSIKIUFVEUBCBU-UHFFFAOYSA-N,0.895,reconstructed_and_MS_validated,
22,acyl_urea,Tables 1-6,CCOc1cc(Cl)c(C(=O)NC(=O)Nc2nc3ccc(S(=O)(=O)C4CCN(C)CC4)cc3s2)cc1N1CCOCC1,C27H32ClN5O6S2,622.1555,627.1839,-5028.37,622.17,RCAAWTDFKZSEQG-UHFFFAOYSA-N,0.166,authoritative,
23,acyl_urea,Tables 1-6,CCOc1cc(Cl)c(C(=O)N(C)C(=O)Nc2nc3ccc(CN4CCN(C)CC4)cc3s2)cc1N1CCOCC1,C28H35ClN6O4S,587.2202,587.2225,-2.32,587.15,AXBPFEFMNUBLBT-UHFFFAOYSA-N,>16,reconstructed_and_MS_validated,
24,acyl_urea,Tables 1-6,CCOc1cc(Cl)c(CNC(=O)Nc2nc3ccc(CN4CCN(C)CC4)cc3s2)cc1N1CCOCC1,C27H35ClN6O3S,559.2253,559.2237,1.57,559.14,KXJSTUSYZFHZMG-UHFFFAOYSA-N,>33,reconstructed_and_MS_validated,
25,acyl_urea,Tables 1-6,CCOc1cc(Cl)c(NC(=O)Nc2nc3ccc(CN4CCN(C)CC4)cc3s2)cc1N1CCOCC1,C26H33ClN6O3S,545.2096,545.2098,-0.18,545.11,ONQZFYMAIMYOJF-UHFFFAOYSA-N,>33,reconstructed_and_MS_validated,
26,constrained_analogue,Table 7,CCOc1cc(Cl)cc(N2CCOCC2)c1-c1cc(-c2nc3ccccc3s2)c(=O)[nH]c1,C24H22ClN3O3S,468.1143,468.1167,-2.38,467.98,UOIJDNQWKMNPKY-UHFFFAOYSA-N,0.021,reconstructed_and_MS_validated,
27,constrained_analogue,Table 7,CCOc1cc(Cl)cc(N2CCOCC2)c1-c1cnc(-c2nc3ccccc3s2)[nH]c1=O,C23H21ClN4O3S,469.1096,469.1125,-2.93,468.97,UFRNXEKFRDTERF-UHFFFAOYSA-N,0.49,reconstructed_and_MS_validated,
28,constrained_analogue,Table 7,CCOc1cc(Cl)cc(N2CCOCC2)c1-c1cc(-c2nc3c(s2)CN(C(=O)CO)CC3)c(=O)[nH]c1,C25H27ClN4O5S,531.1463,531.151,-4.65,531.03,JQPNKBGRHGYXTN-UHFFFAOYSA-N,0.022,reconstructed_and_MS_validated,Pyridone/pyrimidone bioisosteres; 28 and 30 are especially potent.
29,constrained_analogue,Table 7,CCOc1cc(Cl)cc(N2CCOCC2)c1-c1cc(-c2nc3c(s2)CN(C(=O)COC)CC3)c(=O)[nH]c1,C26H29ClN4O5S,545.162,545.1602,1.8,545.06,QKYHGYSYQFQSJJ-UHFFFAOYSA-N,0.075,reconstructed_and_MS_validated,
30,constrained_analogue,Table 7,CCOc1cc(Cl)cc(N2CCOCC2)c1-c1cc(-c2nc3ccc(S(=O)(=O)C4CCN(C)CC4)cc3s2)c(=O)[nH]c1,C30H33ClN4O5S2,629.1654,629.1681,-2.73,629.2,ZFCWDVNSGGWKKZ-UHFFFAOYSA-N,0.005,reconstructed_and_MS_validated,Pyridone/pyrimidone bioisosteres; 28 and 30 are especially potent.
31,constrained_analogue,Table 7,CCOc1cc(Cl)cc(N2CCOCC2)c1-c1cnc(-c2nc3ccc(S(=O)(=O)C4CCN(C)CC4)cc3s2)[nH]c1=O,C29H32ClN5O5S2,630.1606,630.1653,-4.68,630.19,IWZPMUOHRPCIBQ-UHFFFAOYSA-N,0.24,reconstructed_and_MS_validated,
32,amide,Table 8,CCOc1cc(Cl)c(C(=O)Nc2nc3ccc(CN4CCN(C)CC4)cc3s2)cc1N1CCOCC1,C26H32ClN5O3S,530.1987,530.1981,0.62,530.09,OFCNWKRWXKFYNW-UHFFFAOYSA-N,0.41,reconstructed_and_MS_validated,
33,amide,Table 8,CCOc1cc(Cl)c(C(=O)Nc2nc3ccc(S(=O)(=O)C4CCN(C)CC4)cc3s2)cc1N1CCOCC1,C26H31ClN4O5S2,579.1497,579.1517,-1.98,579.14,KQVHRFLOJTVHON-UHFFFAOYSA-N,0.74,reconstructed_and_MS_validated,
34,amide,Table 8,CCOc1cc(Cl)c(C(=O)Nc2nc3ccc(OC4CCN(C)CC4)cc3s2)cc1N1CCOCC1,C26H31ClN4O4S,531.1827,531.1859,-3.17,531.08,GOWIGCYUKIGMHY-UHFFFAOYSA-N,0.11,reconstructed_and_MS_validated,
35,amide,Table 8,CCOc1cc(Cl)c(C(=O)Nc2nc3ccc(S(=O)(=O)CCCN4CCN(C)CC4)cc3s2)cc1N1CCOCC1,C28H36ClN5O5S2,622.1919,622.1929,-0.98,622.21,BOLHPHFIRKJXMT-UHFFFAOYSA-N,0.60,reconstructed_and_MS_validated,
36,amide,Table 8,CCOc1cc(Cl)c(C(=O)Nc2nc3ccc(S(=O)(=O)CCCN4CCN(C)CC4)cc3s2)cc1N1CCO[C@H](C)C1,C29H38ClN5O5S2,636.2076,636.2089,-1.33,636.24,CGNPOKNBKXLUSH-HXUWFJFHSA-N,0.16,reconstructed_and_MS_validated,
37,amide,Table 8,CCOc1cc(Cl)c(C(=O)Nc2nc3ccc(S(=O)(=O)CCCN4CCN(C)CC4)cc3s2)cc1N1C[C@H](C)O[C@@H](C)C1,C30H40ClN5O5S2,650.2232,650.2261,-2.88,650.27,WCFUZKVSNQNKIS-SFTDATJTSA-N,0.35 / 0.27,reconstructed_and_MS_validated,
38,amide,Table 8,CCOc1cc(Cl)c(C(=O)Nc2nc3ccc(S(=O)(=O)CCCN4CCN(C)CC4)cc3s2)cc1N1C[C@@H](C)O[C@@H](C)C1,C30H40ClN5O5S2,650.2232,650.2248,-1.58,650.27,WCFUZKVSNQNKIS-OYRHEFFESA-N,0.054,reconstructed_and_MS_validated,Amide series; 38 is a notable potent/selective example.
39,amide,Table 8,CCOc1cc(Cl)c(C(=O)Nc2nc3ccccc3s2)cc1N1CCOCC1,C20H20ClN3O3S,418.0987,418.0996,-0.93,417.92,GZPHANAWJQENLY-UHFFFAOYSA-N,1.9,reconstructed_and_MS_validated,
