compound,receptor,seed,pose_rank,score_kcal_mol
15,8Z87,20260803,1,-4.99
15,8Z87,20260803,2,-4.919
15,8Z87,20260803,3,-3.595
15,8Z87,1,1,-5.066
15,8Z87,1,2,-4.481
15,8Z87,1,3,-3.607
15,8Z87,2,1,-4.946
15,8Z87,2,2,-4.463
15,8Z87,2,3,-4.299
15,8Z87,3,1,2.317
15,8Z87,3,2,3.466
15,8Z87,4,1,-4.983
15,8Z87,4,2,-4.421
15,8Z87,4,3,-4.346
15,8Z87,4,4,-3.739
15,8Z87,5,1,-4.991
15,8Z87,5,2,-3.126
15,8Z87,6,1,-4.942
15,8Z87,6,2,-4.494
15,8Z87,6,3,-4.29
15,8Z87,6,4,-4.068
15,8Z87,6,5,-3.67
15,8Z87,7,1,-5.064
15,8Z87,7,2,-3.652
15,8Z87,7,3,-3.229
21,8Z87,20260803,1,-3.132
21,8Z87,20260803,2,-0.449
21,8Z87,1,1,-3.076
21,8Z87,1,2,-0.431
21,8Z87,2,1,-0.911
21,8Z87,2,2,0.041
21,8Z87,3,1,-3.164
21,8Z87,3,2,-0.428
21,8Z87,4,1,-0.936
21,8Z87,4,2,-0.47
21,8Z87,4,3,0.024
21,8Z87,5,1,-0.801
21,8Z87,6,1,-3.148
21,8Z87,6,2,-0.492
21,8Z87,7,1,-3.152
21,8Z87,7,2,-0.555
22,8Z87,20260803,1,7.534
22,8Z87,1,1,11.607
22,8Z87,1,2,12.572
22,8Z87,2,1,15.66
22,8Z87,2,2,16.328
22,8Z87,3,1,7.723
22,8Z87,3,2,8.862
22,8Z87,4,1,10.523
22,8Z87,4,2,13.048
22,8Z87,5,1,9.894
22,8Z87,5,2,12.795
22,8Z87,6,1,8.971
22,8Z87,7,1,13.757
22,8Z87,7,2,13.863
22,8Z87,7,3,16.221
22,8Z87,7,4,16.6
26,8Z87,20260803,1,-3.969
26,8Z87,20260803,2,-3.962
26,8Z87,20260803,3,-2.546
26,8Z87,20260803,4,-1.953
26,8Z87,1,1,-3.504
26,8Z87,1,2,-3.463
26,8Z87,1,3,-1.674
26,8Z87,2,1,-3.364
26,8Z87,3,1,-1.583
26,8Z87,3,2,-1.048
26,8Z87,4,1,-3.36
26,8Z87,4,2,-3.28
26,8Z87,5,1,-3.477
26,8Z87,6,1,-3.541
26,8Z87,6,2,-2.868
26,8Z87,6,3,-2.214
26,8Z87,6,4,-1.341
26,8Z87,7,1,-3.893
26,8Z87,7,2,-1.278
28,8Z87,20260803,1,-3.255
28,8Z87,20260803,2,-3.022
28,8Z87,1,1,-3.306
28,8Z87,1,2,-3.172
28,8Z87,2,1,-3.293
28,8Z87,2,2,-3.122
28,8Z87,3,1,-2.683
28,8Z87,3,2,-2.661
28,8Z87,3,3,-2.47
28,8Z87,4,1,-3.277
28,8Z87,4,2,-3.136
28,8Z87,5,1,-2.906
28,8Z87,5,2,-2.844
28,8Z87,5,3,-2.541
28,8Z87,6,1,-3.243
28,8Z87,6,2,-3.028
28,8Z87,7,1,-2.877
28,8Z87,7,2,-2.696
30,8Z87,20260803,1,3.911
30,8Z87,1,1,3.322
30,8Z87,2,1,2.814
30,8Z87,3,1,3.04
30,8Z87,3,2,4.639
30,8Z87,4,1,3.324
30,8Z87,5,1,2.518
30,8Z87,5,2,2.944
30,8Z87,6,1,2.074
30,8Z87,7,1,2.136
30,8Z87,7,2,5.111
31,8Z87,20260803,1,12.829
31,8Z87,20260803,2,13.036
31,8Z87,1,1,12.754
31,8Z87,1,2,12.9
31,8Z87,2,1,14.031
31,8Z87,2,2,14.922
31,8Z87,3,1,12.743
31,8Z87,3,2,13.226
31,8Z87,4,1,21.777
31,8Z87,4,2,23.5
31,8Z87,5,1,23.647
31,8Z87,5,2,23.858
31,8Z87,5,3,24.8
31,8Z87,5,4,25.375
31,8Z87,6,1,13.127
31,8Z87,6,2,13.395
31,8Z87,6,3,16.11
31,8Z87,7,1,12.968
35,8Z87,20260803,1,2.595
35,8Z87,20260803,2,2.755
35,8Z87,1,1,2.399
35,8Z87,2,1,1.684
35,8Z87,2,2,1.885
35,8Z87,2,3,4.284
35,8Z87,3,1,1.481
35,8Z87,3,2,3.232
35,8Z87,3,3,3.276
35,8Z87,3,4,3.298
35,8Z87,4,1,2.396
35,8Z87,4,2,2.953
35,8Z87,4,3,3.011
35,8Z87,4,4,3.526
35,8Z87,4,5,4.125
35,8Z87,5,1,2.141
35,8Z87,5,2,3.508
35,8Z87,6,1,1.526
35,8Z87,6,2,1.629
35,8Z87,6,3,3.016
35,8Z87,6,4,3.49
35,8Z87,7,1,1.818
35,8Z87,7,2,2.817
35,8Z87,7,3,3.835
35,8Z87,7,4,4.38
36,8Z87,20260803,1,5.318
36,8Z87,20260803,2,6.644
36,8Z87,20260803,3,6.847
36,8Z87,20260803,4,7.766
36,8Z87,1,1,3.44
36,8Z87,1,2,4.368
36,8Z87,2,1,6.865
36,8Z87,2,2,7.445
36,8Z87,2,3,7.843
36,8Z87,3,1,3.716
36,8Z87,3,2,3.753
36,8Z87,3,3,5.877
36,8Z87,4,1,6.953
36,8Z87,4,2,7.537
36,8Z87,4,3,9.924
36,8Z87,5,1,3.655
36,8Z87,5,2,6.595
36,8Z87,6,1,2.576
36,8Z87,6,2,4.248
36,8Z87,6,3,4.96
36,8Z87,6,4,5.272
36,8Z87,7,1,3.788
36,8Z87,7,2,5.553
36,8Z87,7,3,6.647
36,8Z87,7,4,6.75
37,8Z87,20260803,1,7.689
37,8Z87,20260803,2,8.602
37,8Z87,20260803,3,8.829
37,8Z87,20260803,4,8.844
37,8Z87,1,1,7.553
37,8Z87,1,2,8.183
37,8Z87,1,3,8.392
37,8Z87,1,4,9.637
37,8Z87,2,1,5.045
37,8Z87,3,1,7.778
37,8Z87,3,2,8.373
37,8Z87,3,3,8.493
37,8Z87,3,4,8.739
37,8Z87,3,5,9.498
37,8Z87,4,1,6.25
37,8Z87,4,2,7.305
37,8Z87,4,3,7.697
37,8Z87,4,4,7.902
37,8Z87,4,5,8.2
37,8Z87,5,1,8.132
37,8Z87,5,2,9.043
37,8Z87,5,3,9.751
37,8Z87,6,1,4.986
37,8Z87,6,2,6.238
37,8Z87,6,3,6.39
37,8Z87,6,4,6.407
37,8Z87,6,5,6.445
37,8Z87,7,1,4.995
37,8Z87,7,2,6.024
37,8Z87,7,3,6.428
37,8Z87,7,4,6.587
38,8Z87,20260803,1,8.435
38,8Z87,20260803,2,8.509
38,8Z87,20260803,3,9.769
38,8Z87,20260803,4,10.17
38,8Z87,1,1,7.94
38,8Z87,1,2,7.956
38,8Z87,1,3,8.0
38,8Z87,1,4,9.278
38,8Z87,1,5,10.185
38,8Z87,2,1,5.958
38,8Z87,2,2,7.356
38,8Z87,2,3,7.511
38,8Z87,2,4,7.772
38,8Z87,2,5,8.776
38,8Z87,3,1,8.255
38,8Z87,3,2,9.439
38,8Z87,3,3,9.611
38,8Z87,3,4,9.625
38,8Z87,4,1,7.957
38,8Z87,4,2,8.236
38,8Z87,4,3,8.344
38,8Z87,4,4,9.803
38,8Z87,5,1,8.57
38,8Z87,5,2,9.974
38,8Z87,6,1,7.889
38,8Z87,6,2,8.219
38,8Z87,6,3,9.016
38,8Z87,6,4,9.207
38,8Z87,6,5,9.862
38,8Z87,7,1,7.938
38,8Z87,7,2,9.208
38,8Z87,7,3,9.588
15,8Z8A,20260803,1,-6.861
15,8Z8A,20260803,2,-6.793
15,8Z8A,20260803,3,-6.415
15,8Z8A,20260803,4,-5.884
15,8Z8A,1,1,-7.044
15,8Z8A,1,2,-6.893
15,8Z8A,1,3,-6.704
15,8Z8A,1,4,-6.497
15,8Z8A,1,5,-5.544
15,8Z8A,2,1,-7.016
15,8Z8A,2,2,-6.828
15,8Z8A,2,3,-6.698
15,8Z8A,2,4,-6.449
15,8Z8A,2,5,-5.443
15,8Z8A,3,1,-7.015
15,8Z8A,3,2,-6.443
15,8Z8A,3,3,-5.882
15,8Z8A,3,4,-5.717
15,8Z8A,3,5,-4.276
15,8Z8A,4,1,-6.852
15,8Z8A,4,2,-6.805
15,8Z8A,4,3,-6.63
15,8Z8A,4,4,-6.447
15,8Z8A,4,5,-5.497
15,8Z8A,5,1,-6.829
15,8Z8A,5,2,-6.802
15,8Z8A,5,3,-6.668
15,8Z8A,5,4,-6.526
15,8Z8A,5,5,-5.585
15,8Z8A,6,1,-7.084
15,8Z8A,6,2,-6.823
15,8Z8A,6,3,-6.683
15,8Z8A,6,4,-6.497
15,8Z8A,6,5,-5.731
15,8Z8A,7,1,-7.049
15,8Z8A,7,2,-6.86
15,8Z8A,7,3,-6.779
15,8Z8A,7,4,-6.42
15,8Z8A,7,5,-5.284
21,8Z8A,20260803,1,-6.912
21,8Z8A,20260803,2,-6.324
21,8Z8A,20260803,3,-5.711
21,8Z8A,20260803,4,-4.597
21,8Z8A,20260803,5,-4.549
21,8Z8A,1,1,-6.781
21,8Z8A,1,2,-5.795
21,8Z8A,1,3,-4.464
21,8Z8A,1,4,-4.344
21,8Z8A,2,1,-6.952
21,8Z8A,2,2,-5.699
21,8Z8A,2,3,-4.582
21,8Z8A,2,4,-4.381
21,8Z8A,3,1,-6.846
21,8Z8A,3,2,-5.58
21,8Z8A,3,3,-4.54
21,8Z8A,3,4,-4.521
21,8Z8A,3,5,-4.325
21,8Z8A,4,1,-6.827
21,8Z8A,4,2,-6.304
21,8Z8A,4,3,-4.627
21,8Z8A,4,4,-4.449
21,8Z8A,4,5,-4.186
21,8Z8A,5,1,-5.465
21,8Z8A,5,2,-4.03
21,8Z8A,5,3,-3.877
21,8Z8A,5,4,-3.779
21,8Z8A,6,1,-6.895
21,8Z8A,6,2,-5.765
21,8Z8A,6,3,-4.775
21,8Z8A,6,4,-4.584
21,8Z8A,6,5,-4.561
21,8Z8A,7,1,-6.884
21,8Z8A,7,2,-4.585
21,8Z8A,7,3,-4.432
21,8Z8A,7,4,-4.401
21,8Z8A,7,5,-4.341
22,8Z8A,20260803,1,-4.834
22,8Z8A,1,1,-4.851
22,8Z8A,2,1,-4.843
22,8Z8A,3,1,-4.803
22,8Z8A,3,2,-2.016
22,8Z8A,4,1,-4.917
22,8Z8A,5,1,-4.896
22,8Z8A,6,1,-4.858
22,8Z8A,6,2,-2.036
22,8Z8A,7,1,-4.833
26,8Z8A,20260803,1,-7.183
26,8Z8A,20260803,2,-6.854
26,8Z8A,20260803,3,-6.371
26,8Z8A,20260803,4,-5.966
26,8Z8A,20260803,5,-5.837
26,8Z8A,1,1,-7.178
26,8Z8A,1,2,-6.886
26,8Z8A,1,3,-6.596
26,8Z8A,1,4,-5.899
26,8Z8A,1,5,-5.499
26,8Z8A,2,1,-7.148
26,8Z8A,2,2,-6.848
26,8Z8A,2,3,-5.839
26,8Z8A,2,4,-5.404
26,8Z8A,2,5,-5.048
26,8Z8A,3,1,-7.25
26,8Z8A,3,2,-6.964
26,8Z8A,3,3,-5.919
26,8Z8A,3,4,-5.91
26,8Z8A,3,5,-5.537
26,8Z8A,4,1,-7.173
26,8Z8A,4,2,-6.891
26,8Z8A,4,3,-5.79
26,8Z8A,4,4,-5.73
26,8Z8A,4,5,-5.436
26,8Z8A,5,1,-7.183
26,8Z8A,5,2,-6.839
26,8Z8A,5,3,-6.443
26,8Z8A,5,4,-5.847
26,8Z8A,5,5,-5.503
26,8Z8A,6,1,-7.165
26,8Z8A,6,2,-6.903
26,8Z8A,6,3,-5.92
26,8Z8A,6,4,-5.849
26,8Z8A,6,5,-5.652
26,8Z8A,7,1,-6.605
26,8Z8A,7,2,-5.925
26,8Z8A,7,3,-5.482
26,8Z8A,7,4,-3.996
28,8Z8A,20260803,1,-7.346
28,8Z8A,20260803,2,-6.952
28,8Z8A,20260803,3,-5.272
28,8Z8A,1,1,-7.443
28,8Z8A,1,2,-7.013
28,8Z8A,1,3,-5.394
28,8Z8A,2,1,-7.383
28,8Z8A,2,2,-7.037
28,8Z8A,2,3,-5.789
28,8Z8A,2,4,-4.507
28,8Z8A,3,1,-7.428
28,8Z8A,3,2,-7.037
28,8Z8A,3,3,-5.253
28,8Z8A,4,1,-7.408
28,8Z8A,4,2,-7.015
28,8Z8A,5,1,-7.473
28,8Z8A,5,2,-7.09
28,8Z8A,5,3,-5.553
28,8Z8A,6,1,-7.47
28,8Z8A,6,2,-7.015
28,8Z8A,6,3,-5.046
28,8Z8A,6,4,-4.561
28,8Z8A,7,1,-7.404
28,8Z8A,7,2,-7.01
28,8Z8A,7,3,-5.203
30,8Z8A,20260803,1,-5.765
30,8Z8A,20260803,2,-5.557
30,8Z8A,20260803,3,-5.42
30,8Z8A,20260803,4,-4.398
30,8Z8A,1,1,-5.811
30,8Z8A,1,2,-4.497
30,8Z8A,2,1,-5.716
30,8Z8A,2,2,-5.425
30,8Z8A,2,3,-4.345
30,8Z8A,2,4,-3.254
30,8Z8A,3,1,-5.69
30,8Z8A,4,1,-5.643
30,8Z8A,4,2,-4.922
30,8Z8A,5,1,-5.706
30,8Z8A,5,2,-5.426
30,8Z8A,5,3,-3.701
30,8Z8A,6,1,-5.887
30,8Z8A,6,2,-5.658
30,8Z8A,6,3,-4.227
30,8Z8A,6,4,-4.08
30,8Z8A,7,1,-6.009
30,8Z8A,7,2,-5.841
30,8Z8A,7,3,-5.103
31,8Z8A,20260803,1,-2.797
31,8Z8A,20260803,2,-0.958
31,8Z8A,1,1,-2.832
31,8Z8A,1,2,-1.376
31,8Z8A,2,1,-2.783
31,8Z8A,2,2,-1.296
31,8Z8A,2,3,-0.478
31,8Z8A,2,4,-0.122
31,8Z8A,3,1,-2.795
31,8Z8A,3,2,-1.08
31,8Z8A,3,3,0.09
31,8Z8A,4,1,-2.841
31,8Z8A,4,2,-0.377
31,8Z8A,5,1,-2.792
31,8Z8A,5,2,-1.951
31,8Z8A,5,3,-0.737
31,8Z8A,6,1,-2.82
31,8Z8A,6,2,-1.652
31,8Z8A,6,3,-0.52
31,8Z8A,6,4,-0.412
31,8Z8A,7,1,-2.829
31,8Z8A,7,2,-1.364
35,8Z8A,20260803,1,-5.035
35,8Z8A,20260803,2,-4.263
35,8Z8A,20260803,3,-4.148
35,8Z8A,20260803,4,-2.862
35,8Z8A,1,1,-5.036
35,8Z8A,1,2,-4.526
35,8Z8A,1,3,-4.139
35,8Z8A,1,4,-2.881
35,8Z8A,1,5,-2.616
35,8Z8A,2,1,-4.976
35,8Z8A,2,2,-4.395
35,8Z8A,2,3,-4.138
35,8Z8A,2,4,-2.919
35,8Z8A,3,1,-5.078
35,8Z8A,3,2,-4.48
35,8Z8A,3,3,-4.153
35,8Z8A,3,4,-2.754
35,8Z8A,3,5,-2.677
35,8Z8A,4,1,-5.17
35,8Z8A,4,2,-4.456
35,8Z8A,4,3,-4.114
35,8Z8A,4,4,-4.067
35,8Z8A,4,5,-2.735
35,8Z8A,5,1,-5.099
35,8Z8A,5,2,-4.097
35,8Z8A,5,3,-2.971
35,8Z8A,5,4,-2.94
35,8Z8A,5,5,-2.117
35,8Z8A,6,1,-5.115
35,8Z8A,6,2,-4.394
35,8Z8A,6,3,-4.12
35,8Z8A,6,4,-2.817
35,8Z8A,7,1,-5.124
35,8Z8A,7,2,-4.401
35,8Z8A,7,3,-4.086
35,8Z8A,7,4,-2.872
35,8Z8A,7,5,-2.861
36,8Z8A,20260803,1,-5.125
36,8Z8A,20260803,2,-3.95
36,8Z8A,20260803,3,-3.382
36,8Z8A,20260803,4,-3.278
36,8Z8A,20260803,5,-2.433
36,8Z8A,1,1,-5.087
36,8Z8A,1,2,-3.862
36,8Z8A,1,3,-3.794
36,8Z8A,1,4,-2.443
36,8Z8A,1,5,-2.425
36,8Z8A,2,1,-5.149
36,8Z8A,2,2,-4.187
36,8Z8A,2,3,-3.959
36,8Z8A,2,4,-3.315
36,8Z8A,2,5,-2.991
36,8Z8A,3,1,-5.156
36,8Z8A,3,2,-3.916
36,8Z8A,3,3,-3.361
36,8Z8A,4,1,-5.104
36,8Z8A,4,2,-4.236
36,8Z8A,4,3,-3.922
36,8Z8A,4,4,-3.401
36,8Z8A,4,5,-3.276
36,8Z8A,5,1,-5.197
36,8Z8A,5,2,-4.07
36,8Z8A,5,3,-3.93
36,8Z8A,5,4,-3.425
36,8Z8A,6,1,-5.118
36,8Z8A,6,2,-4.129
36,8Z8A,6,3,-3.979
36,8Z8A,6,4,-3.41
36,8Z8A,6,5,-2.542
36,8Z8A,7,1,-4.73
36,8Z8A,7,2,-3.835
36,8Z8A,7,3,-3.602
36,8Z8A,7,4,-3.473
36,8Z8A,7,5,-3.04
37,8Z8A,20260803,1,-5.151
37,8Z8A,20260803,2,-4.917
37,8Z8A,20260803,3,-3.581
37,8Z8A,20260803,4,-3.41
37,8Z8A,1,1,-5.043
37,8Z8A,1,2,-4.792
37,8Z8A,1,3,-3.541
37,8Z8A,1,4,-3.511
37,8Z8A,1,5,-2.242
37,8Z8A,2,1,-4.551
37,8Z8A,2,2,-3.245
37,8Z8A,2,3,-3.05
37,8Z8A,2,4,-2.056
37,8Z8A,3,1,-5.078
37,8Z8A,3,2,-5.045
37,8Z8A,3,3,-3.727
37,8Z8A,3,4,-3.673
37,8Z8A,3,5,-2.45
37,8Z8A,4,1,-5.078
37,8Z8A,4,2,-4.979
37,8Z8A,4,3,-3.598
37,8Z8A,4,4,-3.254
37,8Z8A,4,5,-2.326
37,8Z8A,5,1,-5.24
37,8Z8A,5,2,-4.916
37,8Z8A,5,3,-3.65
37,8Z8A,5,4,-3.597
37,8Z8A,5,5,-3.224
37,8Z8A,6,1,-4.942
37,8Z8A,6,2,-4.837
37,8Z8A,6,3,-3.639
37,8Z8A,6,4,-2.456
37,8Z8A,7,1,-5.151
37,8Z8A,7,2,-4.648
37,8Z8A,7,3,-3.552
37,8Z8A,7,4,-3.509
37,8Z8A,7,5,-3.492
38,8Z8A,20260803,1,-4.342
38,8Z8A,20260803,2,-4.066
38,8Z8A,20260803,3,-3.607
38,8Z8A,20260803,4,-3.424
38,8Z8A,20260803,5,-2.384
38,8Z8A,1,1,-4.275
38,8Z8A,1,2,-4.012
38,8Z8A,1,3,-2.408
38,8Z8A,1,4,-1.962
38,8Z8A,1,5,-1.315
38,8Z8A,2,1,-4.511
38,8Z8A,2,2,-4.259
38,8Z8A,2,3,-4.076
38,8Z8A,2,4,-2.9
38,8Z8A,2,5,-2.187
38,8Z8A,3,1,-4.394
38,8Z8A,3,2,-4.289
38,8Z8A,3,3,-3.369
38,8Z8A,3,4,-2.639
38,8Z8A,3,5,-1.555
38,8Z8A,4,1,-4.364
38,8Z8A,4,2,-4.252
38,8Z8A,4,3,-3.861
38,8Z8A,4,4,-3.395
38,8Z8A,4,5,-2.78
38,8Z8A,5,1,-3.995
38,8Z8A,5,2,-3.951
38,8Z8A,5,3,-2.587
38,8Z8A,5,4,-2.384
38,8Z8A,5,5,-1.737
38,8Z8A,6,1,-4.414
38,8Z8A,6,2,-4.097
38,8Z8A,6,3,-3.458
38,8Z8A,6,4,-2.807
38,8Z8A,7,1,-4.424
38,8Z8A,7,2,-4.081
38,8Z8A,7,3,-3.232
38,8Z8A,7,4,-2.396
