compound,receptor,seed,pose_rank,score_kcal_mol,pose_file
1,8Z8A,20260803,1,-5.254,/das/user/QYJI/druggability/data/gpr81_phase1/phase6_full_series/poses/c01_8Z8A_seed20260803.pdbqt
1,8Z8A,20260803,2,-5.136,/das/user/QYJI/druggability/data/gpr81_phase1/phase6_full_series/poses/c01_8Z8A_seed20260803.pdbqt
1,8Z8A,1,1,-5.283,/das/user/QYJI/druggability/data/gpr81_phase1/phase6_full_series/poses/c01_8Z8A_seed1.pdbqt
1,8Z8A,1,2,-5.206,/das/user/QYJI/druggability/data/gpr81_phase1/phase6_full_series/poses/c01_8Z8A_seed1.pdbqt
2,8Z8A,20260803,1,-4.097,/das/user/QYJI/druggability/data/gpr81_phase1/phase6_full_series/poses/c02_8Z8A_seed20260803.pdbqt
2,8Z8A,20260803,2,-3.928,/das/user/QYJI/druggability/data/gpr81_phase1/phase6_full_series/poses/c02_8Z8A_seed20260803.pdbqt
2,8Z8A,20260803,3,-3.64,/das/user/QYJI/druggability/data/gpr81_phase1/phase6_full_series/poses/c02_8Z8A_seed20260803.pdbqt
2,8Z8A,20260803,4,-2.841,/das/user/QYJI/druggability/data/gpr81_phase1/phase6_full_series/poses/c02_8Z8A_seed20260803.pdbqt
2,8Z8A,20260803,5,-2.341,/das/user/QYJI/druggability/data/gpr81_phase1/phase6_full_series/poses/c02_8Z8A_seed20260803.pdbqt
2,8Z8A,1,1,-4.077,/das/user/QYJI/druggability/data/gpr81_phase1/phase6_full_series/poses/c02_8Z8A_seed1.pdbqt
2,8Z8A,1,2,-3.869,/das/user/QYJI/druggability/data/gpr81_phase1/phase6_full_series/poses/c02_8Z8A_seed1.pdbqt
2,8Z8A,1,3,-2.347,/das/user/QYJI/druggability/data/gpr81_phase1/phase6_full_series/poses/c02_8Z8A_seed1.pdbqt
2,8Z8A,1,4,-2.219,/das/user/QYJI/druggability/data/gpr81_phase1/phase6_full_series/poses/c02_8Z8A_seed1.pdbqt
3,8Z8A,20260803,1,-3.906,/das/user/QYJI/druggability/data/gpr81_phase1/phase6_full_series/poses/c03_8Z8A_seed20260803.pdbqt
3,8Z8A,20260803,2,-3.682,/das/user/QYJI/druggability/data/gpr81_phase1/phase6_full_series/poses/c03_8Z8A_seed20260803.pdbqt
3,8Z8A,20260803,3,-3.012,/das/user/QYJI/druggability/data/gpr81_phase1/phase6_full_series/poses/c03_8Z8A_seed20260803.pdbqt
3,8Z8A,20260803,4,-2.765,/das/user/QYJI/druggability/data/gpr81_phase1/phase6_full_series/poses/c03_8Z8A_seed20260803.pdbqt
3,8Z8A,20260803,5,-1.225,/das/user/QYJI/druggability/data/gpr81_phase1/phase6_full_series/poses/c03_8Z8A_seed20260803.pdbqt
3,8Z8A,1,1,-5.13,/das/user/QYJI/druggability/data/gpr81_phase1/phase6_full_series/poses/c03_8Z8A_seed1.pdbqt
3,8Z8A,1,2,-4.884,/das/user/QYJI/druggability/data/gpr81_phase1/phase6_full_series/poses/c03_8Z8A_seed1.pdbqt
3,8Z8A,1,3,-4.189,/das/user/QYJI/druggability/data/gpr81_phase1/phase6_full_series/poses/c03_8Z8A_seed1.pdbqt
3,8Z8A,1,4,-3.706,/das/user/QYJI/druggability/data/gpr81_phase1/phase6_full_series/poses/c03_8Z8A_seed1.pdbqt
3,8Z8A,1,5,-3.59,/das/user/QYJI/druggability/data/gpr81_phase1/phase6_full_series/poses/c03_8Z8A_seed1.pdbqt
4,8Z8A,20260803,1,-2.985,/das/user/QYJI/druggability/data/gpr81_phase1/phase6_full_series/poses/c04_8Z8A_seed20260803.pdbqt
4,8Z8A,20260803,2,-2.235,/das/user/QYJI/druggability/data/gpr81_phase1/phase6_full_series/poses/c04_8Z8A_seed20260803.pdbqt
4,8Z8A,20260803,3,-0.777,/das/user/QYJI/druggability/data/gpr81_phase1/phase6_full_series/poses/c04_8Z8A_seed20260803.pdbqt
4,8Z8A,20260803,4,-0.036,/das/user/QYJI/druggability/data/gpr81_phase1/phase6_full_series/poses/c04_8Z8A_seed20260803.pdbqt
4,8Z8A,1,1,-2.82,/das/user/QYJI/druggability/data/gpr81_phase1/phase6_full_series/poses/c04_8Z8A_seed1.pdbqt
4,8Z8A,1,2,-2.352,/das/user/QYJI/druggability/data/gpr81_phase1/phase6_full_series/poses/c04_8Z8A_seed1.pdbqt
4,8Z8A,1,3,-0.95,/das/user/QYJI/druggability/data/gpr81_phase1/phase6_full_series/poses/c04_8Z8A_seed1.pdbqt
4,8Z8A,1,4,-0.703,/das/user/QYJI/druggability/data/gpr81_phase1/phase6_full_series/poses/c04_8Z8A_seed1.pdbqt
5,8Z8A,20260803,1,-5.13,/das/user/QYJI/druggability/data/gpr81_phase1/phase6_full_series/poses/c05_8Z8A_seed20260803.pdbqt
5,8Z8A,20260803,2,-4.689,/das/user/QYJI/druggability/data/gpr81_phase1/phase6_full_series/poses/c05_8Z8A_seed20260803.pdbqt
5,8Z8A,20260803,3,-4.557,/das/user/QYJI/druggability/data/gpr81_phase1/phase6_full_series/poses/c05_8Z8A_seed20260803.pdbqt
5,8Z8A,20260803,4,-4.118,/das/user/QYJI/druggability/data/gpr81_phase1/phase6_full_series/poses/c05_8Z8A_seed20260803.pdbqt
5,8Z8A,20260803,5,-3.849,/das/user/QYJI/druggability/data/gpr81_phase1/phase6_full_series/poses/c05_8Z8A_seed20260803.pdbqt
5,8Z8A,1,1,-5.602,/das/user/QYJI/druggability/data/gpr81_phase1/phase6_full_series/poses/c05_8Z8A_seed1.pdbqt
5,8Z8A,1,2,-4.528,/das/user/QYJI/druggability/data/gpr81_phase1/phase6_full_series/poses/c05_8Z8A_seed1.pdbqt
5,8Z8A,1,3,-4.477,/das/user/QYJI/druggability/data/gpr81_phase1/phase6_full_series/poses/c05_8Z8A_seed1.pdbqt
5,8Z8A,1,4,-4.461,/das/user/QYJI/druggability/data/gpr81_phase1/phase6_full_series/poses/c05_8Z8A_seed1.pdbqt
5,8Z8A,1,5,-3.731,/das/user/QYJI/druggability/data/gpr81_phase1/phase6_full_series/poses/c05_8Z8A_seed1.pdbqt
6,8Z8A,20260803,1,-4.421,/das/user/QYJI/druggability/data/gpr81_phase1/phase6_full_series/poses/c06_8Z8A_seed20260803.pdbqt
6,8Z8A,20260803,2,-4.218,/das/user/QYJI/druggability/data/gpr81_phase1/phase6_full_series/poses/c06_8Z8A_seed20260803.pdbqt
6,8Z8A,20260803,3,-4.054,/das/user/QYJI/druggability/data/gpr81_phase1/phase6_full_series/poses/c06_8Z8A_seed20260803.pdbqt
6,8Z8A,1,1,-4.443,/das/user/QYJI/druggability/data/gpr81_phase1/phase6_full_series/poses/c06_8Z8A_seed1.pdbqt
6,8Z8A,1,2,-4.207,/das/user/QYJI/druggability/data/gpr81_phase1/phase6_full_series/poses/c06_8Z8A_seed1.pdbqt
6,8Z8A,1,3,-4.071,/das/user/QYJI/druggability/data/gpr81_phase1/phase6_full_series/poses/c06_8Z8A_seed1.pdbqt
6,8Z8A,1,4,-3.015,/das/user/QYJI/druggability/data/gpr81_phase1/phase6_full_series/poses/c06_8Z8A_seed1.pdbqt
7,8Z8A,20260803,1,-8.46,/das/user/QYJI/druggability/data/gpr81_phase1/phase6_full_series/poses/c07_8Z8A_seed20260803.pdbqt
7,8Z8A,20260803,2,-6.925,/das/user/QYJI/druggability/data/gpr81_phase1/phase6_full_series/poses/c07_8Z8A_seed20260803.pdbqt
7,8Z8A,20260803,3,-5.954,/das/user/QYJI/druggability/data/gpr81_phase1/phase6_full_series/poses/c07_8Z8A_seed20260803.pdbqt
7,8Z8A,1,1,-8.083,/das/user/QYJI/druggability/data/gpr81_phase1/phase6_full_series/poses/c07_8Z8A_seed1.pdbqt
7,8Z8A,1,2,-6.257,/das/user/QYJI/druggability/data/gpr81_phase1/phase6_full_series/poses/c07_8Z8A_seed1.pdbqt
8,8Z8A,20260803,1,-6.326,/das/user/QYJI/druggability/data/gpr81_phase1/phase6_full_series/poses/c08_8Z8A_seed20260803.pdbqt
8,8Z8A,20260803,2,-6.313,/das/user/QYJI/druggability/data/gpr81_phase1/phase6_full_series/poses/c08_8Z8A_seed20260803.pdbqt
8,8Z8A,20260803,3,-6.274,/das/user/QYJI/druggability/data/gpr81_phase1/phase6_full_series/poses/c08_8Z8A_seed20260803.pdbqt
8,8Z8A,20260803,4,-6.256,/das/user/QYJI/druggability/data/gpr81_phase1/phase6_full_series/poses/c08_8Z8A_seed20260803.pdbqt
8,8Z8A,1,1,-6.343,/das/user/QYJI/druggability/data/gpr81_phase1/phase6_full_series/poses/c08_8Z8A_seed1.pdbqt
8,8Z8A,1,2,-6.285,/das/user/QYJI/druggability/data/gpr81_phase1/phase6_full_series/poses/c08_8Z8A_seed1.pdbqt
8,8Z8A,1,3,-6.255,/das/user/QYJI/druggability/data/gpr81_phase1/phase6_full_series/poses/c08_8Z8A_seed1.pdbqt
8,8Z8A,1,4,-6.201,/das/user/QYJI/druggability/data/gpr81_phase1/phase6_full_series/poses/c08_8Z8A_seed1.pdbqt
8,8Z8A,1,5,-4.068,/das/user/QYJI/druggability/data/gpr81_phase1/phase6_full_series/poses/c08_8Z8A_seed1.pdbqt
9,8Z8A,20260803,1,-4.804,/das/user/QYJI/druggability/data/gpr81_phase1/phase6_full_series/poses/c09_8Z8A_seed20260803.pdbqt
9,8Z8A,20260803,2,-4.753,/das/user/QYJI/druggability/data/gpr81_phase1/phase6_full_series/poses/c09_8Z8A_seed20260803.pdbqt
9,8Z8A,20260803,3,-3.675,/das/user/QYJI/druggability/data/gpr81_phase1/phase6_full_series/poses/c09_8Z8A_seed20260803.pdbqt
9,8Z8A,20260803,4,-3.579,/das/user/QYJI/druggability/data/gpr81_phase1/phase6_full_series/poses/c09_8Z8A_seed20260803.pdbqt
9,8Z8A,20260803,5,-3.33,/das/user/QYJI/druggability/data/gpr81_phase1/phase6_full_series/poses/c09_8Z8A_seed20260803.pdbqt
9,8Z8A,1,1,-2.395,/das/user/QYJI/druggability/data/gpr81_phase1/phase6_full_series/poses/c09_8Z8A_seed1.pdbqt
9,8Z8A,1,2,-2.125,/das/user/QYJI/druggability/data/gpr81_phase1/phase6_full_series/poses/c09_8Z8A_seed1.pdbqt
9,8Z8A,1,3,-1.719,/das/user/QYJI/druggability/data/gpr81_phase1/phase6_full_series/poses/c09_8Z8A_seed1.pdbqt
10,8Z8A,20260803,1,-6.687,/das/user/QYJI/druggability/data/gpr81_phase1/phase6_full_series/poses/c10_8Z8A_seed20260803.pdbqt
10,8Z8A,20260803,2,-5.587,/das/user/QYJI/druggability/data/gpr81_phase1/phase6_full_series/poses/c10_8Z8A_seed20260803.pdbqt
10,8Z8A,20260803,3,-4.522,/das/user/QYJI/druggability/data/gpr81_phase1/phase6_full_series/poses/c10_8Z8A_seed20260803.pdbqt
10,8Z8A,20260803,4,-4.01,/das/user/QYJI/druggability/data/gpr81_phase1/phase6_full_series/poses/c10_8Z8A_seed20260803.pdbqt
10,8Z8A,20260803,5,-3.859,/das/user/QYJI/druggability/data/gpr81_phase1/phase6_full_series/poses/c10_8Z8A_seed20260803.pdbqt
10,8Z8A,1,1,-5.901,/das/user/QYJI/druggability/data/gpr81_phase1/phase6_full_series/poses/c10_8Z8A_seed1.pdbqt
10,8Z8A,1,2,-5.558,/das/user/QYJI/druggability/data/gpr81_phase1/phase6_full_series/poses/c10_8Z8A_seed1.pdbqt
10,8Z8A,1,3,-4.594,/das/user/QYJI/druggability/data/gpr81_phase1/phase6_full_series/poses/c10_8Z8A_seed1.pdbqt
10,8Z8A,1,4,-4.183,/das/user/QYJI/druggability/data/gpr81_phase1/phase6_full_series/poses/c10_8Z8A_seed1.pdbqt
10,8Z8A,1,5,-3.868,/das/user/QYJI/druggability/data/gpr81_phase1/phase6_full_series/poses/c10_8Z8A_seed1.pdbqt
11,8Z8A,20260803,1,-4.359,/das/user/QYJI/druggability/data/gpr81_phase1/phase6_full_series/poses/c11_8Z8A_seed20260803.pdbqt
11,8Z8A,20260803,2,-3.424,/das/user/QYJI/druggability/data/gpr81_phase1/phase6_full_series/poses/c11_8Z8A_seed20260803.pdbqt
11,8Z8A,20260803,3,-2.524,/das/user/QYJI/druggability/data/gpr81_phase1/phase6_full_series/poses/c11_8Z8A_seed20260803.pdbqt
11,8Z8A,20260803,4,-2.497,/das/user/QYJI/druggability/data/gpr81_phase1/phase6_full_series/poses/c11_8Z8A_seed20260803.pdbqt
11,8Z8A,1,1,-4.333,/das/user/QYJI/druggability/data/gpr81_phase1/phase6_full_series/poses/c11_8Z8A_seed1.pdbqt
11,8Z8A,1,2,-3.324,/das/user/QYJI/druggability/data/gpr81_phase1/phase6_full_series/poses/c11_8Z8A_seed1.pdbqt
11,8Z8A,1,3,-1.999,/das/user/QYJI/druggability/data/gpr81_phase1/phase6_full_series/poses/c11_8Z8A_seed1.pdbqt
12,8Z8A,20260803,1,-4.655,/das/user/QYJI/druggability/data/gpr81_phase1/phase6_full_series/poses/c12_8Z8A_seed20260803.pdbqt
12,8Z8A,20260803,2,-2.913,/das/user/QYJI/druggability/data/gpr81_phase1/phase6_full_series/poses/c12_8Z8A_seed20260803.pdbqt
12,8Z8A,20260803,3,-1.972,/das/user/QYJI/druggability/data/gpr81_phase1/phase6_full_series/poses/c12_8Z8A_seed20260803.pdbqt
12,8Z8A,20260803,4,-1.81,/das/user/QYJI/druggability/data/gpr81_phase1/phase6_full_series/poses/c12_8Z8A_seed20260803.pdbqt
12,8Z8A,1,1,-4.68,/das/user/QYJI/druggability/data/gpr81_phase1/phase6_full_series/poses/c12_8Z8A_seed1.pdbqt
12,8Z8A,1,2,-2.868,/das/user/QYJI/druggability/data/gpr81_phase1/phase6_full_series/poses/c12_8Z8A_seed1.pdbqt
12,8Z8A,1,3,-2.495,/das/user/QYJI/druggability/data/gpr81_phase1/phase6_full_series/poses/c12_8Z8A_seed1.pdbqt
12,8Z8A,1,4,-1.898,/das/user/QYJI/druggability/data/gpr81_phase1/phase6_full_series/poses/c12_8Z8A_seed1.pdbqt
13,8Z8A,20260803,1,-5.063,/das/user/QYJI/druggability/data/gpr81_phase1/phase6_full_series/poses/c13_8Z8A_seed20260803.pdbqt
13,8Z8A,20260803,2,-3.445,/das/user/QYJI/druggability/data/gpr81_phase1/phase6_full_series/poses/c13_8Z8A_seed20260803.pdbqt
13,8Z8A,20260803,3,-3.408,/das/user/QYJI/druggability/data/gpr81_phase1/phase6_full_series/poses/c13_8Z8A_seed20260803.pdbqt
13,8Z8A,20260803,4,-3.368,/das/user/QYJI/druggability/data/gpr81_phase1/phase6_full_series/poses/c13_8Z8A_seed20260803.pdbqt
13,8Z8A,1,1,0.542,/das/user/QYJI/druggability/data/gpr81_phase1/phase6_full_series/poses/c13_8Z8A_seed1.pdbqt
13,8Z8A,1,2,0.676,/das/user/QYJI/druggability/data/gpr81_phase1/phase6_full_series/poses/c13_8Z8A_seed1.pdbqt
14,8Z8A,20260803,1,-7.376,/das/user/QYJI/druggability/data/gpr81_phase1/phase6_full_series/poses/c14_8Z8A_seed20260803.pdbqt
14,8Z8A,20260803,2,-6.605,/das/user/QYJI/druggability/data/gpr81_phase1/phase6_full_series/poses/c14_8Z8A_seed20260803.pdbqt
14,8Z8A,20260803,3,-6.413,/das/user/QYJI/druggability/data/gpr81_phase1/phase6_full_series/poses/c14_8Z8A_seed20260803.pdbqt
14,8Z8A,20260803,4,-5.16,/das/user/QYJI/druggability/data/gpr81_phase1/phase6_full_series/poses/c14_8Z8A_seed20260803.pdbqt
14,8Z8A,20260803,5,-4.906,/das/user/QYJI/druggability/data/gpr81_phase1/phase6_full_series/poses/c14_8Z8A_seed20260803.pdbqt
14,8Z8A,1,1,-7.371,/das/user/QYJI/druggability/data/gpr81_phase1/phase6_full_series/poses/c14_8Z8A_seed1.pdbqt
14,8Z8A,1,2,-6.624,/das/user/QYJI/druggability/data/gpr81_phase1/phase6_full_series/poses/c14_8Z8A_seed1.pdbqt
14,8Z8A,1,3,-5.721,/das/user/QYJI/druggability/data/gpr81_phase1/phase6_full_series/poses/c14_8Z8A_seed1.pdbqt
14,8Z8A,1,4,-5.644,/das/user/QYJI/druggability/data/gpr81_phase1/phase6_full_series/poses/c14_8Z8A_seed1.pdbqt
14,8Z8A,1,5,-5.609,/das/user/QYJI/druggability/data/gpr81_phase1/phase6_full_series/poses/c14_8Z8A_seed1.pdbqt
15,8Z8A,20260803,1,-8.202,/das/user/QYJI/druggability/data/gpr81_phase1/phase6_full_series/poses/c15_8Z8A_seed20260803.pdbqt
15,8Z8A,20260803,2,-7.823,/das/user/QYJI/druggability/data/gpr81_phase1/phase6_full_series/poses/c15_8Z8A_seed20260803.pdbqt
15,8Z8A,20260803,3,-7.293,/das/user/QYJI/druggability/data/gpr81_phase1/phase6_full_series/poses/c15_8Z8A_seed20260803.pdbqt
15,8Z8A,20260803,4,-5.449,/das/user/QYJI/druggability/data/gpr81_phase1/phase6_full_series/poses/c15_8Z8A_seed20260803.pdbqt
15,8Z8A,1,1,-7.044,/das/user/QYJI/druggability/data/gpr81_phase1/phase6_full_series/poses/c15_8Z8A_seed1.pdbqt
15,8Z8A,1,2,-6.89,/das/user/QYJI/druggability/data/gpr81_phase1/phase6_full_series/poses/c15_8Z8A_seed1.pdbqt
15,8Z8A,1,3,-6.738,/das/user/QYJI/druggability/data/gpr81_phase1/phase6_full_series/poses/c15_8Z8A_seed1.pdbqt
15,8Z8A,1,4,-6.497,/das/user/QYJI/druggability/data/gpr81_phase1/phase6_full_series/poses/c15_8Z8A_seed1.pdbqt
15,8Z8A,1,5,-5.544,/das/user/QYJI/druggability/data/gpr81_phase1/phase6_full_series/poses/c15_8Z8A_seed1.pdbqt
16,8Z8A,20260803,1,-6.795,/das/user/QYJI/druggability/data/gpr81_phase1/phase6_full_series/poses/c16_8Z8A_seed20260803.pdbqt
16,8Z8A,20260803,2,-6.506,/das/user/QYJI/druggability/data/gpr81_phase1/phase6_full_series/poses/c16_8Z8A_seed20260803.pdbqt
16,8Z8A,20260803,3,-6.504,/das/user/QYJI/druggability/data/gpr81_phase1/phase6_full_series/poses/c16_8Z8A_seed20260803.pdbqt
16,8Z8A,20260803,4,-6.449,/das/user/QYJI/druggability/data/gpr81_phase1/phase6_full_series/poses/c16_8Z8A_seed20260803.pdbqt
16,8Z8A,20260803,5,-6.076,/das/user/QYJI/druggability/data/gpr81_phase1/phase6_full_series/poses/c16_8Z8A_seed20260803.pdbqt
16,8Z8A,1,1,-7.353,/das/user/QYJI/druggability/data/gpr81_phase1/phase6_full_series/poses/c16_8Z8A_seed1.pdbqt
16,8Z8A,1,2,-7.104,/das/user/QYJI/druggability/data/gpr81_phase1/phase6_full_series/poses/c16_8Z8A_seed1.pdbqt
16,8Z8A,1,3,-6.788,/das/user/QYJI/druggability/data/gpr81_phase1/phase6_full_series/poses/c16_8Z8A_seed1.pdbqt
16,8Z8A,1,4,-6.11,/das/user/QYJI/druggability/data/gpr81_phase1/phase6_full_series/poses/c16_8Z8A_seed1.pdbqt
16,8Z8A,1,5,-5.691,/das/user/QYJI/druggability/data/gpr81_phase1/phase6_full_series/poses/c16_8Z8A_seed1.pdbqt
17,8Z8A,20260803,1,-8.137,/das/user/QYJI/druggability/data/gpr81_phase1/phase6_full_series/poses/c17_8Z8A_seed20260803.pdbqt
17,8Z8A,20260803,2,-7.64,/das/user/QYJI/druggability/data/gpr81_phase1/phase6_full_series/poses/c17_8Z8A_seed20260803.pdbqt
17,8Z8A,20260803,3,-6.595,/das/user/QYJI/druggability/data/gpr81_phase1/phase6_full_series/poses/c17_8Z8A_seed20260803.pdbqt
17,8Z8A,20260803,4,-5.669,/das/user/QYJI/druggability/data/gpr81_phase1/phase6_full_series/poses/c17_8Z8A_seed20260803.pdbqt
17,8Z8A,1,1,-8.15,/das/user/QYJI/druggability/data/gpr81_phase1/phase6_full_series/poses/c17_8Z8A_seed1.pdbqt
17,8Z8A,1,2,-7.641,/das/user/QYJI/druggability/data/gpr81_phase1/phase6_full_series/poses/c17_8Z8A_seed1.pdbqt
17,8Z8A,1,3,-6.271,/das/user/QYJI/druggability/data/gpr81_phase1/phase6_full_series/poses/c17_8Z8A_seed1.pdbqt
17,8Z8A,1,4,-5.721,/das/user/QYJI/druggability/data/gpr81_phase1/phase6_full_series/poses/c17_8Z8A_seed1.pdbqt
18,8Z8A,20260803,1,-7.401,/das/user/QYJI/druggability/data/gpr81_phase1/phase6_full_series/poses/c18_8Z8A_seed20260803.pdbqt
18,8Z8A,20260803,2,-6.705,/das/user/QYJI/druggability/data/gpr81_phase1/phase6_full_series/poses/c18_8Z8A_seed20260803.pdbqt
18,8Z8A,20260803,3,-6.562,/das/user/QYJI/druggability/data/gpr81_phase1/phase6_full_series/poses/c18_8Z8A_seed20260803.pdbqt
18,8Z8A,20260803,4,-6.549,/das/user/QYJI/druggability/data/gpr81_phase1/phase6_full_series/poses/c18_8Z8A_seed20260803.pdbqt
18,8Z8A,20260803,5,-5.17,/das/user/QYJI/druggability/data/gpr81_phase1/phase6_full_series/poses/c18_8Z8A_seed20260803.pdbqt
18,8Z8A,1,1,-7.473,/das/user/QYJI/druggability/data/gpr81_phase1/phase6_full_series/poses/c18_8Z8A_seed1.pdbqt
18,8Z8A,1,2,-6.855,/das/user/QYJI/druggability/data/gpr81_phase1/phase6_full_series/poses/c18_8Z8A_seed1.pdbqt
18,8Z8A,1,3,-6.819,/das/user/QYJI/druggability/data/gpr81_phase1/phase6_full_series/poses/c18_8Z8A_seed1.pdbqt
18,8Z8A,1,4,-6.669,/das/user/QYJI/druggability/data/gpr81_phase1/phase6_full_series/poses/c18_8Z8A_seed1.pdbqt
18,8Z8A,1,5,-6.567,/das/user/QYJI/druggability/data/gpr81_phase1/phase6_full_series/poses/c18_8Z8A_seed1.pdbqt
19,8Z8A,20260803,1,-7.464,/das/user/QYJI/druggability/data/gpr81_phase1/phase6_full_series/poses/c19_8Z8A_seed20260803.pdbqt
19,8Z8A,20260803,2,-6.632,/das/user/QYJI/druggability/data/gpr81_phase1/phase6_full_series/poses/c19_8Z8A_seed20260803.pdbqt
19,8Z8A,20260803,3,-6.423,/das/user/QYJI/druggability/data/gpr81_phase1/phase6_full_series/poses/c19_8Z8A_seed20260803.pdbqt
19,8Z8A,20260803,4,-6.299,/das/user/QYJI/druggability/data/gpr81_phase1/phase6_full_series/poses/c19_8Z8A_seed20260803.pdbqt
19,8Z8A,20260803,5,-6.098,/das/user/QYJI/druggability/data/gpr81_phase1/phase6_full_series/poses/c19_8Z8A_seed20260803.pdbqt
19,8Z8A,1,1,-7.554,/das/user/QYJI/druggability/data/gpr81_phase1/phase6_full_series/poses/c19_8Z8A_seed1.pdbqt
19,8Z8A,1,2,-6.717,/das/user/QYJI/druggability/data/gpr81_phase1/phase6_full_series/poses/c19_8Z8A_seed1.pdbqt
19,8Z8A,1,3,-6.554,/das/user/QYJI/druggability/data/gpr81_phase1/phase6_full_series/poses/c19_8Z8A_seed1.pdbqt
19,8Z8A,1,4,-6.288,/das/user/QYJI/druggability/data/gpr81_phase1/phase6_full_series/poses/c19_8Z8A_seed1.pdbqt
19,8Z8A,1,5,-6.132,/das/user/QYJI/druggability/data/gpr81_phase1/phase6_full_series/poses/c19_8Z8A_seed1.pdbqt
20,8Z8A,20260803,1,-6.655,/das/user/QYJI/druggability/data/gpr81_phase1/phase6_full_series/poses/c20_8Z8A_seed20260803.pdbqt
20,8Z8A,20260803,2,-5.591,/das/user/QYJI/druggability/data/gpr81_phase1/phase6_full_series/poses/c20_8Z8A_seed20260803.pdbqt
20,8Z8A,20260803,3,-4.446,/das/user/QYJI/druggability/data/gpr81_phase1/phase6_full_series/poses/c20_8Z8A_seed20260803.pdbqt
20,8Z8A,1,1,-6.722,/das/user/QYJI/druggability/data/gpr81_phase1/phase6_full_series/poses/c20_8Z8A_seed1.pdbqt
20,8Z8A,1,2,-6.657,/das/user/QYJI/druggability/data/gpr81_phase1/phase6_full_series/poses/c20_8Z8A_seed1.pdbqt
20,8Z8A,1,3,-5.703,/das/user/QYJI/druggability/data/gpr81_phase1/phase6_full_series/poses/c20_8Z8A_seed1.pdbqt
20,8Z8A,1,4,-5.452,/das/user/QYJI/druggability/data/gpr81_phase1/phase6_full_series/poses/c20_8Z8A_seed1.pdbqt
20,8Z8A,1,5,-5.451,/das/user/QYJI/druggability/data/gpr81_phase1/phase6_full_series/poses/c20_8Z8A_seed1.pdbqt
21,8Z8A,20260803,1,-6.766,/das/user/QYJI/druggability/data/gpr81_phase1/phase6_full_series/poses/c21_8Z8A_seed20260803.pdbqt
21,8Z8A,20260803,2,-6.298,/das/user/QYJI/druggability/data/gpr81_phase1/phase6_full_series/poses/c21_8Z8A_seed20260803.pdbqt
21,8Z8A,20260803,3,-5.396,/das/user/QYJI/druggability/data/gpr81_phase1/phase6_full_series/poses/c21_8Z8A_seed20260803.pdbqt
21,8Z8A,20260803,4,-4.571,/das/user/QYJI/druggability/data/gpr81_phase1/phase6_full_series/poses/c21_8Z8A_seed20260803.pdbqt
21,8Z8A,20260803,5,-4.51,/das/user/QYJI/druggability/data/gpr81_phase1/phase6_full_series/poses/c21_8Z8A_seed20260803.pdbqt
21,8Z8A,1,1,-6.781,/das/user/QYJI/druggability/data/gpr81_phase1/phase6_full_series/poses/c21_8Z8A_seed1.pdbqt
21,8Z8A,1,2,-5.795,/das/user/QYJI/druggability/data/gpr81_phase1/phase6_full_series/poses/c21_8Z8A_seed1.pdbqt
21,8Z8A,1,3,-4.593,/das/user/QYJI/druggability/data/gpr81_phase1/phase6_full_series/poses/c21_8Z8A_seed1.pdbqt
21,8Z8A,1,4,-4.485,/das/user/QYJI/druggability/data/gpr81_phase1/phase6_full_series/poses/c21_8Z8A_seed1.pdbqt
21,8Z8A,1,5,-4.344,/das/user/QYJI/druggability/data/gpr81_phase1/phase6_full_series/poses/c21_8Z8A_seed1.pdbqt
22,8Z8A,20260803,1,0.011,/das/user/QYJI/druggability/data/gpr81_phase1/phase6_full_series/poses/c22_8Z8A_seed20260803.pdbqt
22,8Z8A,20260803,2,0.128,/das/user/QYJI/druggability/data/gpr81_phase1/phase6_full_series/poses/c22_8Z8A_seed20260803.pdbqt
22,8Z8A,20260803,3,1.324,/das/user/QYJI/druggability/data/gpr81_phase1/phase6_full_series/poses/c22_8Z8A_seed20260803.pdbqt
22,8Z8A,20260803,4,2.308,/das/user/QYJI/druggability/data/gpr81_phase1/phase6_full_series/poses/c22_8Z8A_seed20260803.pdbqt
22,8Z8A,1,1,-0.882,/das/user/QYJI/druggability/data/gpr81_phase1/phase6_full_series/poses/c22_8Z8A_seed1.pdbqt
22,8Z8A,1,2,0.329,/das/user/QYJI/druggability/data/gpr81_phase1/phase6_full_series/poses/c22_8Z8A_seed1.pdbqt
22,8Z8A,1,3,0.353,/das/user/QYJI/druggability/data/gpr81_phase1/phase6_full_series/poses/c22_8Z8A_seed1.pdbqt
22,8Z8A,1,4,1.4,/das/user/QYJI/druggability/data/gpr81_phase1/phase6_full_series/poses/c22_8Z8A_seed1.pdbqt
22,8Z8A,1,5,1.66,/das/user/QYJI/druggability/data/gpr81_phase1/phase6_full_series/poses/c22_8Z8A_seed1.pdbqt
23,8Z8A,20260803,1,-6.963,/das/user/QYJI/druggability/data/gpr81_phase1/phase6_full_series/poses/c23_8Z8A_seed20260803.pdbqt
23,8Z8A,20260803,2,-5.265,/das/user/QYJI/druggability/data/gpr81_phase1/phase6_full_series/poses/c23_8Z8A_seed20260803.pdbqt
23,8Z8A,20260803,3,-5.104,/das/user/QYJI/druggability/data/gpr81_phase1/phase6_full_series/poses/c23_8Z8A_seed20260803.pdbqt
23,8Z8A,20260803,4,-4.534,/das/user/QYJI/druggability/data/gpr81_phase1/phase6_full_series/poses/c23_8Z8A_seed20260803.pdbqt
23,8Z8A,20260803,5,-4.48,/das/user/QYJI/druggability/data/gpr81_phase1/phase6_full_series/poses/c23_8Z8A_seed20260803.pdbqt
23,8Z8A,1,1,-4.866,/das/user/QYJI/druggability/data/gpr81_phase1/phase6_full_series/poses/c23_8Z8A_seed1.pdbqt
23,8Z8A,1,2,-4.637,/das/user/QYJI/druggability/data/gpr81_phase1/phase6_full_series/poses/c23_8Z8A_seed1.pdbqt
23,8Z8A,1,3,-4.064,/das/user/QYJI/druggability/data/gpr81_phase1/phase6_full_series/poses/c23_8Z8A_seed1.pdbqt
23,8Z8A,1,4,-3.82,/das/user/QYJI/druggability/data/gpr81_phase1/phase6_full_series/poses/c23_8Z8A_seed1.pdbqt
23,8Z8A,1,5,-3.79,/das/user/QYJI/druggability/data/gpr81_phase1/phase6_full_series/poses/c23_8Z8A_seed1.pdbqt
24,8Z8A,20260803,1,-6.715,/das/user/QYJI/druggability/data/gpr81_phase1/phase6_full_series/poses/c24_8Z8A_seed20260803.pdbqt
24,8Z8A,20260803,2,-5.326,/das/user/QYJI/druggability/data/gpr81_phase1/phase6_full_series/poses/c24_8Z8A_seed20260803.pdbqt
24,8Z8A,20260803,3,-5.174,/das/user/QYJI/druggability/data/gpr81_phase1/phase6_full_series/poses/c24_8Z8A_seed20260803.pdbqt
24,8Z8A,20260803,4,-4.851,/das/user/QYJI/druggability/data/gpr81_phase1/phase6_full_series/poses/c24_8Z8A_seed20260803.pdbqt
24,8Z8A,20260803,5,-4.609,/das/user/QYJI/druggability/data/gpr81_phase1/phase6_full_series/poses/c24_8Z8A_seed20260803.pdbqt
24,8Z8A,1,1,-6.111,/das/user/QYJI/druggability/data/gpr81_phase1/phase6_full_series/poses/c24_8Z8A_seed1.pdbqt
24,8Z8A,1,2,-5.98,/das/user/QYJI/druggability/data/gpr81_phase1/phase6_full_series/poses/c24_8Z8A_seed1.pdbqt
24,8Z8A,1,3,-5.967,/das/user/QYJI/druggability/data/gpr81_phase1/phase6_full_series/poses/c24_8Z8A_seed1.pdbqt
24,8Z8A,1,4,-5.637,/das/user/QYJI/druggability/data/gpr81_phase1/phase6_full_series/poses/c24_8Z8A_seed1.pdbqt
24,8Z8A,1,5,-3.552,/das/user/QYJI/druggability/data/gpr81_phase1/phase6_full_series/poses/c24_8Z8A_seed1.pdbqt
25,8Z8A,20260803,1,-4.638,/das/user/QYJI/druggability/data/gpr81_phase1/phase6_full_series/poses/c25_8Z8A_seed20260803.pdbqt
25,8Z8A,20260803,2,-4.173,/das/user/QYJI/druggability/data/gpr81_phase1/phase6_full_series/poses/c25_8Z8A_seed20260803.pdbqt
25,8Z8A,20260803,3,-3.847,/das/user/QYJI/druggability/data/gpr81_phase1/phase6_full_series/poses/c25_8Z8A_seed20260803.pdbqt
25,8Z8A,1,1,-4.591,/das/user/QYJI/druggability/data/gpr81_phase1/phase6_full_series/poses/c25_8Z8A_seed1.pdbqt
25,8Z8A,1,2,-4.101,/das/user/QYJI/druggability/data/gpr81_phase1/phase6_full_series/poses/c25_8Z8A_seed1.pdbqt
25,8Z8A,1,3,-3.722,/das/user/QYJI/druggability/data/gpr81_phase1/phase6_full_series/poses/c25_8Z8A_seed1.pdbqt
26,8Z8A,20260803,1,-7.183,/das/user/QYJI/druggability/data/gpr81_phase1/phase6_full_series/poses/c26_8Z8A_seed20260803.pdbqt
26,8Z8A,20260803,2,-6.854,/das/user/QYJI/druggability/data/gpr81_phase1/phase6_full_series/poses/c26_8Z8A_seed20260803.pdbqt
26,8Z8A,20260803,3,-6.291,/das/user/QYJI/druggability/data/gpr81_phase1/phase6_full_series/poses/c26_8Z8A_seed20260803.pdbqt
26,8Z8A,20260803,4,-5.966,/das/user/QYJI/druggability/data/gpr81_phase1/phase6_full_series/poses/c26_8Z8A_seed20260803.pdbqt
26,8Z8A,20260803,5,-5.873,/das/user/QYJI/druggability/data/gpr81_phase1/phase6_full_series/poses/c26_8Z8A_seed20260803.pdbqt
26,8Z8A,1,1,-7.178,/das/user/QYJI/druggability/data/gpr81_phase1/phase6_full_series/poses/c26_8Z8A_seed1.pdbqt
26,8Z8A,1,2,-6.886,/das/user/QYJI/druggability/data/gpr81_phase1/phase6_full_series/poses/c26_8Z8A_seed1.pdbqt
26,8Z8A,1,3,-5.499,/das/user/QYJI/druggability/data/gpr81_phase1/phase6_full_series/poses/c26_8Z8A_seed1.pdbqt
27,8Z8A,20260803,1,-6.577,/das/user/QYJI/druggability/data/gpr81_phase1/phase6_full_series/poses/c27_8Z8A_seed20260803.pdbqt
27,8Z8A,20260803,2,-6.268,/das/user/QYJI/druggability/data/gpr81_phase1/phase6_full_series/poses/c27_8Z8A_seed20260803.pdbqt
27,8Z8A,20260803,3,-5.761,/das/user/QYJI/druggability/data/gpr81_phase1/phase6_full_series/poses/c27_8Z8A_seed20260803.pdbqt
27,8Z8A,20260803,4,-5.037,/das/user/QYJI/druggability/data/gpr81_phase1/phase6_full_series/poses/c27_8Z8A_seed20260803.pdbqt
27,8Z8A,20260803,5,-4.492,/das/user/QYJI/druggability/data/gpr81_phase1/phase6_full_series/poses/c27_8Z8A_seed20260803.pdbqt
27,8Z8A,1,1,-5.615,/das/user/QYJI/druggability/data/gpr81_phase1/phase6_full_series/poses/c27_8Z8A_seed1.pdbqt
27,8Z8A,1,2,-4.988,/das/user/QYJI/druggability/data/gpr81_phase1/phase6_full_series/poses/c27_8Z8A_seed1.pdbqt
27,8Z8A,1,3,-3.249,/das/user/QYJI/druggability/data/gpr81_phase1/phase6_full_series/poses/c27_8Z8A_seed1.pdbqt
28,8Z8A,20260803,1,-7.346,/das/user/QYJI/druggability/data/gpr81_phase1/phase6_full_series/poses/c28_8Z8A_seed20260803.pdbqt
28,8Z8A,20260803,2,-6.952,/das/user/QYJI/druggability/data/gpr81_phase1/phase6_full_series/poses/c28_8Z8A_seed20260803.pdbqt
28,8Z8A,1,1,-7.443,/das/user/QYJI/druggability/data/gpr81_phase1/phase6_full_series/poses/c28_8Z8A_seed1.pdbqt
28,8Z8A,1,2,-7.013,/das/user/QYJI/druggability/data/gpr81_phase1/phase6_full_series/poses/c28_8Z8A_seed1.pdbqt
28,8Z8A,1,3,-5.339,/das/user/QYJI/druggability/data/gpr81_phase1/phase6_full_series/poses/c28_8Z8A_seed1.pdbqt
29,8Z8A,20260803,1,-7.478,/das/user/QYJI/druggability/data/gpr81_phase1/phase6_full_series/poses/c29_8Z8A_seed20260803.pdbqt
29,8Z8A,20260803,2,-7.393,/das/user/QYJI/druggability/data/gpr81_phase1/phase6_full_series/poses/c29_8Z8A_seed20260803.pdbqt
29,8Z8A,1,1,-7.749,/das/user/QYJI/druggability/data/gpr81_phase1/phase6_full_series/poses/c29_8Z8A_seed1.pdbqt
29,8Z8A,1,2,-7.596,/das/user/QYJI/druggability/data/gpr81_phase1/phase6_full_series/poses/c29_8Z8A_seed1.pdbqt
29,8Z8A,1,3,-6.114,/das/user/QYJI/druggability/data/gpr81_phase1/phase6_full_series/poses/c29_8Z8A_seed1.pdbqt
30,8Z8A,20260803,1,3.309,/das/user/QYJI/druggability/data/gpr81_phase1/phase6_full_series/poses/c30_8Z8A_seed20260803.pdbqt
30,8Z8A,20260803,2,4.014,/das/user/QYJI/druggability/data/gpr81_phase1/phase6_full_series/poses/c30_8Z8A_seed20260803.pdbqt
30,8Z8A,20260803,3,5.693,/das/user/QYJI/druggability/data/gpr81_phase1/phase6_full_series/poses/c30_8Z8A_seed20260803.pdbqt
30,8Z8A,1,1,-5.811,/das/user/QYJI/druggability/data/gpr81_phase1/phase6_full_series/poses/c30_8Z8A_seed1.pdbqt
31,8Z8A,20260803,1,-2.817,/das/user/QYJI/druggability/data/gpr81_phase1/phase6_full_series/poses/c31_8Z8A_seed20260803.pdbqt
31,8Z8A,20260803,2,-0.975,/das/user/QYJI/druggability/data/gpr81_phase1/phase6_full_series/poses/c31_8Z8A_seed20260803.pdbqt
31,8Z8A,1,1,-2.832,/das/user/QYJI/druggability/data/gpr81_phase1/phase6_full_series/poses/c31_8Z8A_seed1.pdbqt
31,8Z8A,1,2,-1.376,/das/user/QYJI/druggability/data/gpr81_phase1/phase6_full_series/poses/c31_8Z8A_seed1.pdbqt
32,8Z8A,20260803,1,-4.233,/das/user/QYJI/druggability/data/gpr81_phase1/phase6_full_series/poses/c32_8Z8A_seed20260803.pdbqt
32,8Z8A,20260803,2,-2.902,/das/user/QYJI/druggability/data/gpr81_phase1/phase6_full_series/poses/c32_8Z8A_seed20260803.pdbqt
32,8Z8A,20260803,3,-1.848,/das/user/QYJI/druggability/data/gpr81_phase1/phase6_full_series/poses/c32_8Z8A_seed20260803.pdbqt
32,8Z8A,1,1,-4.236,/das/user/QYJI/druggability/data/gpr81_phase1/phase6_full_series/poses/c32_8Z8A_seed1.pdbqt
32,8Z8A,1,2,-1.926,/das/user/QYJI/druggability/data/gpr81_phase1/phase6_full_series/poses/c32_8Z8A_seed1.pdbqt
32,8Z8A,1,3,-1.84,/das/user/QYJI/druggability/data/gpr81_phase1/phase6_full_series/poses/c32_8Z8A_seed1.pdbqt
33,8Z8A,20260803,1,-3.402,/das/user/QYJI/druggability/data/gpr81_phase1/phase6_full_series/poses/c33_8Z8A_seed20260803.pdbqt
33,8Z8A,20260803,2,-3.359,/das/user/QYJI/druggability/data/gpr81_phase1/phase6_full_series/poses/c33_8Z8A_seed20260803.pdbqt
33,8Z8A,20260803,3,-3.299,/das/user/QYJI/druggability/data/gpr81_phase1/phase6_full_series/poses/c33_8Z8A_seed20260803.pdbqt
33,8Z8A,20260803,4,-2.049,/das/user/QYJI/druggability/data/gpr81_phase1/phase6_full_series/poses/c33_8Z8A_seed20260803.pdbqt
33,8Z8A,20260803,5,-1.445,/das/user/QYJI/druggability/data/gpr81_phase1/phase6_full_series/poses/c33_8Z8A_seed20260803.pdbqt
33,8Z8A,1,1,-3.413,/das/user/QYJI/druggability/data/gpr81_phase1/phase6_full_series/poses/c33_8Z8A_seed1.pdbqt
33,8Z8A,1,2,-3.398,/das/user/QYJI/druggability/data/gpr81_phase1/phase6_full_series/poses/c33_8Z8A_seed1.pdbqt
33,8Z8A,1,3,-1.945,/das/user/QYJI/druggability/data/gpr81_phase1/phase6_full_series/poses/c33_8Z8A_seed1.pdbqt
33,8Z8A,1,4,-1.828,/das/user/QYJI/druggability/data/gpr81_phase1/phase6_full_series/poses/c33_8Z8A_seed1.pdbqt
33,8Z8A,1,5,-1.603,/das/user/QYJI/druggability/data/gpr81_phase1/phase6_full_series/poses/c33_8Z8A_seed1.pdbqt
34,8Z8A,20260803,1,-5.805,/das/user/QYJI/druggability/data/gpr81_phase1/phase6_full_series/poses/c34_8Z8A_seed20260803.pdbqt
34,8Z8A,20260803,2,-4.715,/das/user/QYJI/druggability/data/gpr81_phase1/phase6_full_series/poses/c34_8Z8A_seed20260803.pdbqt
34,8Z8A,20260803,3,-3.698,/das/user/QYJI/druggability/data/gpr81_phase1/phase6_full_series/poses/c34_8Z8A_seed20260803.pdbqt
34,8Z8A,20260803,4,-3.348,/das/user/QYJI/druggability/data/gpr81_phase1/phase6_full_series/poses/c34_8Z8A_seed20260803.pdbqt
34,8Z8A,1,1,-5.733,/das/user/QYJI/druggability/data/gpr81_phase1/phase6_full_series/poses/c34_8Z8A_seed1.pdbqt
34,8Z8A,1,2,-5.017,/das/user/QYJI/druggability/data/gpr81_phase1/phase6_full_series/poses/c34_8Z8A_seed1.pdbqt
34,8Z8A,1,3,-4.694,/das/user/QYJI/druggability/data/gpr81_phase1/phase6_full_series/poses/c34_8Z8A_seed1.pdbqt
34,8Z8A,1,4,-3.921,/das/user/QYJI/druggability/data/gpr81_phase1/phase6_full_series/poses/c34_8Z8A_seed1.pdbqt
34,8Z8A,1,5,-3.316,/das/user/QYJI/druggability/data/gpr81_phase1/phase6_full_series/poses/c34_8Z8A_seed1.pdbqt
35,8Z8A,20260803,1,-5.035,/das/user/QYJI/druggability/data/gpr81_phase1/phase6_full_series/poses/c35_8Z8A_seed20260803.pdbqt
35,8Z8A,20260803,2,-4.263,/das/user/QYJI/druggability/data/gpr81_phase1/phase6_full_series/poses/c35_8Z8A_seed20260803.pdbqt
35,8Z8A,20260803,3,-4.153,/das/user/QYJI/druggability/data/gpr81_phase1/phase6_full_series/poses/c35_8Z8A_seed20260803.pdbqt
35,8Z8A,20260803,4,-2.612,/das/user/QYJI/druggability/data/gpr81_phase1/phase6_full_series/poses/c35_8Z8A_seed20260803.pdbqt
35,8Z8A,1,1,-5.189,/das/user/QYJI/druggability/data/gpr81_phase1/phase6_full_series/poses/c35_8Z8A_seed1.pdbqt
35,8Z8A,1,2,-4.586,/das/user/QYJI/druggability/data/gpr81_phase1/phase6_full_series/poses/c35_8Z8A_seed1.pdbqt
35,8Z8A,1,3,-4.255,/das/user/QYJI/druggability/data/gpr81_phase1/phase6_full_series/poses/c35_8Z8A_seed1.pdbqt
35,8Z8A,1,4,-2.759,/das/user/QYJI/druggability/data/gpr81_phase1/phase6_full_series/poses/c35_8Z8A_seed1.pdbqt
36,8Z8A,20260803,1,-5.038,/das/user/QYJI/druggability/data/gpr81_phase1/phase6_full_series/poses/c36_8Z8A_seed20260803.pdbqt
36,8Z8A,20260803,2,-3.945,/das/user/QYJI/druggability/data/gpr81_phase1/phase6_full_series/poses/c36_8Z8A_seed20260803.pdbqt
36,8Z8A,20260803,3,-3.273,/das/user/QYJI/druggability/data/gpr81_phase1/phase6_full_series/poses/c36_8Z8A_seed20260803.pdbqt
36,8Z8A,20260803,4,-2.305,/das/user/QYJI/druggability/data/gpr81_phase1/phase6_full_series/poses/c36_8Z8A_seed20260803.pdbqt
36,8Z8A,1,1,-5.152,/das/user/QYJI/druggability/data/gpr81_phase1/phase6_full_series/poses/c36_8Z8A_seed1.pdbqt
36,8Z8A,1,2,-3.912,/das/user/QYJI/druggability/data/gpr81_phase1/phase6_full_series/poses/c36_8Z8A_seed1.pdbqt
36,8Z8A,1,3,-2.552,/das/user/QYJI/druggability/data/gpr81_phase1/phase6_full_series/poses/c36_8Z8A_seed1.pdbqt
37,8Z8A,20260803,1,-5.151,/das/user/QYJI/druggability/data/gpr81_phase1/phase6_full_series/poses/c37_8Z8A_seed20260803.pdbqt
37,8Z8A,20260803,2,-4.714,/das/user/QYJI/druggability/data/gpr81_phase1/phase6_full_series/poses/c37_8Z8A_seed20260803.pdbqt
37,8Z8A,20260803,3,-3.56,/das/user/QYJI/druggability/data/gpr81_phase1/phase6_full_series/poses/c37_8Z8A_seed20260803.pdbqt
37,8Z8A,20260803,4,-3.41,/das/user/QYJI/druggability/data/gpr81_phase1/phase6_full_series/poses/c37_8Z8A_seed20260803.pdbqt
37,8Z8A,1,1,-5.043,/das/user/QYJI/druggability/data/gpr81_phase1/phase6_full_series/poses/c37_8Z8A_seed1.pdbqt
37,8Z8A,1,2,-4.716,/das/user/QYJI/druggability/data/gpr81_phase1/phase6_full_series/poses/c37_8Z8A_seed1.pdbqt
37,8Z8A,1,3,-3.511,/das/user/QYJI/druggability/data/gpr81_phase1/phase6_full_series/poses/c37_8Z8A_seed1.pdbqt
37,8Z8A,1,4,-3.318,/das/user/QYJI/druggability/data/gpr81_phase1/phase6_full_series/poses/c37_8Z8A_seed1.pdbqt
38,8Z8A,20260803,1,-4.096,/das/user/QYJI/druggability/data/gpr81_phase1/phase6_full_series/poses/c38_8Z8A_seed20260803.pdbqt
38,8Z8A,20260803,2,-4.033,/das/user/QYJI/druggability/data/gpr81_phase1/phase6_full_series/poses/c38_8Z8A_seed20260803.pdbqt
38,8Z8A,20260803,3,-2.524,/das/user/QYJI/druggability/data/gpr81_phase1/phase6_full_series/poses/c38_8Z8A_seed20260803.pdbqt
38,8Z8A,20260803,4,-2.351,/das/user/QYJI/druggability/data/gpr81_phase1/phase6_full_series/poses/c38_8Z8A_seed20260803.pdbqt
38,8Z8A,1,1,-4.491,/das/user/QYJI/druggability/data/gpr81_phase1/phase6_full_series/poses/c38_8Z8A_seed1.pdbqt
38,8Z8A,1,2,-3.732,/das/user/QYJI/druggability/data/gpr81_phase1/phase6_full_series/poses/c38_8Z8A_seed1.pdbqt
38,8Z8A,1,3,-2.888,/das/user/QYJI/druggability/data/gpr81_phase1/phase6_full_series/poses/c38_8Z8A_seed1.pdbqt
38,8Z8A,1,4,-2.826,/das/user/QYJI/druggability/data/gpr81_phase1/phase6_full_series/poses/c38_8Z8A_seed1.pdbqt
38,8Z8A,1,5,-1.693,/das/user/QYJI/druggability/data/gpr81_phase1/phase6_full_series/poses/c38_8Z8A_seed1.pdbqt
39,8Z8A,20260803,1,-6.929,/das/user/QYJI/druggability/data/gpr81_phase1/phase6_full_series/poses/c39_8Z8A_seed20260803.pdbqt
39,8Z8A,20260803,2,-5.921,/das/user/QYJI/druggability/data/gpr81_phase1/phase6_full_series/poses/c39_8Z8A_seed20260803.pdbqt
39,8Z8A,20260803,3,-5.282,/das/user/QYJI/druggability/data/gpr81_phase1/phase6_full_series/poses/c39_8Z8A_seed20260803.pdbqt
39,8Z8A,1,1,-6.979,/das/user/QYJI/druggability/data/gpr81_phase1/phase6_full_series/poses/c39_8Z8A_seed1.pdbqt
39,8Z8A,1,2,-6.408,/das/user/QYJI/druggability/data/gpr81_phase1/phase6_full_series/poses/c39_8Z8A_seed1.pdbqt
39,8Z8A,1,3,-5.958,/das/user/QYJI/druggability/data/gpr81_phase1/phase6_full_series/poses/c39_8Z8A_seed1.pdbqt
39,8Z8A,1,4,-5.256,/das/user/QYJI/druggability/data/gpr81_phase1/phase6_full_series/poses/c39_8Z8A_seed1.pdbqt
1,9KT9,20260803,1,-2.802,/das/user/QYJI/druggability/data/gpr81_phase1/phase6_full_series/poses/c01_9KT9_seed20260803.pdbqt
1,9KT9,20260803,2,0.186,/das/user/QYJI/druggability/data/gpr81_phase1/phase6_full_series/poses/c01_9KT9_seed20260803.pdbqt
1,9KT9,1,1,3.082,/das/user/QYJI/druggability/data/gpr81_phase1/phase6_full_series/poses/c01_9KT9_seed1.pdbqt
1,9KT9,1,2,4.575,/das/user/QYJI/druggability/data/gpr81_phase1/phase6_full_series/poses/c01_9KT9_seed1.pdbqt
1,9KT9,1,3,5.407,/das/user/QYJI/druggability/data/gpr81_phase1/phase6_full_series/poses/c01_9KT9_seed1.pdbqt
2,9KT9,20260803,1,1.518,/das/user/QYJI/druggability/data/gpr81_phase1/phase6_full_series/poses/c02_9KT9_seed20260803.pdbqt
2,9KT9,20260803,2,3.144,/das/user/QYJI/druggability/data/gpr81_phase1/phase6_full_series/poses/c02_9KT9_seed20260803.pdbqt
2,9KT9,20260803,3,3.759,/das/user/QYJI/druggability/data/gpr81_phase1/phase6_full_series/poses/c02_9KT9_seed20260803.pdbqt
2,9KT9,1,1,1.506,/das/user/QYJI/druggability/data/gpr81_phase1/phase6_full_series/poses/c02_9KT9_seed1.pdbqt
3,9KT9,20260803,1,-4.282,/das/user/QYJI/druggability/data/gpr81_phase1/phase6_full_series/poses/c03_9KT9_seed20260803.pdbqt
3,9KT9,20260803,2,-3.573,/das/user/QYJI/druggability/data/gpr81_phase1/phase6_full_series/poses/c03_9KT9_seed20260803.pdbqt
3,9KT9,1,1,-4.589,/das/user/QYJI/druggability/data/gpr81_phase1/phase6_full_series/poses/c03_9KT9_seed1.pdbqt
3,9KT9,1,2,-4.17,/das/user/QYJI/druggability/data/gpr81_phase1/phase6_full_series/poses/c03_9KT9_seed1.pdbqt
4,9KT9,20260803,1,1.683,/das/user/QYJI/druggability/data/gpr81_phase1/phase6_full_series/poses/c04_9KT9_seed20260803.pdbqt
4,9KT9,20260803,2,2.927,/das/user/QYJI/druggability/data/gpr81_phase1/phase6_full_series/poses/c04_9KT9_seed20260803.pdbqt
4,9KT9,1,1,1.499,/das/user/QYJI/druggability/data/gpr81_phase1/phase6_full_series/poses/c04_9KT9_seed1.pdbqt
4,9KT9,1,2,3.541,/das/user/QYJI/druggability/data/gpr81_phase1/phase6_full_series/poses/c04_9KT9_seed1.pdbqt
4,9KT9,1,3,4.251,/das/user/QYJI/druggability/data/gpr81_phase1/phase6_full_series/poses/c04_9KT9_seed1.pdbqt
5,9KT9,20260803,1,0.876,/das/user/QYJI/druggability/data/gpr81_phase1/phase6_full_series/poses/c05_9KT9_seed20260803.pdbqt
5,9KT9,20260803,2,1.549,/das/user/QYJI/druggability/data/gpr81_phase1/phase6_full_series/poses/c05_9KT9_seed20260803.pdbqt
5,9KT9,20260803,3,3.317,/das/user/QYJI/druggability/data/gpr81_phase1/phase6_full_series/poses/c05_9KT9_seed20260803.pdbqt
5,9KT9,20260803,4,3.365,/das/user/QYJI/druggability/data/gpr81_phase1/phase6_full_series/poses/c05_9KT9_seed20260803.pdbqt
5,9KT9,1,1,-4.357,/das/user/QYJI/druggability/data/gpr81_phase1/phase6_full_series/poses/c05_9KT9_seed1.pdbqt
6,9KT9,20260803,1,-0.327,/das/user/QYJI/druggability/data/gpr81_phase1/phase6_full_series/poses/c06_9KT9_seed20260803.pdbqt
6,9KT9,20260803,2,0.314,/das/user/QYJI/druggability/data/gpr81_phase1/phase6_full_series/poses/c06_9KT9_seed20260803.pdbqt
6,9KT9,20260803,3,1.609,/das/user/QYJI/druggability/data/gpr81_phase1/phase6_full_series/poses/c06_9KT9_seed20260803.pdbqt
6,9KT9,1,1,0.709,/das/user/QYJI/druggability/data/gpr81_phase1/phase6_full_series/poses/c06_9KT9_seed1.pdbqt
6,9KT9,1,2,1.82,/das/user/QYJI/druggability/data/gpr81_phase1/phase6_full_series/poses/c06_9KT9_seed1.pdbqt
6,9KT9,1,3,2.519,/das/user/QYJI/druggability/data/gpr81_phase1/phase6_full_series/poses/c06_9KT9_seed1.pdbqt
6,9KT9,1,4,2.919,/das/user/QYJI/druggability/data/gpr81_phase1/phase6_full_series/poses/c06_9KT9_seed1.pdbqt
7,9KT9,20260803,1,-1.995,/das/user/QYJI/druggability/data/gpr81_phase1/phase6_full_series/poses/c07_9KT9_seed20260803.pdbqt
7,9KT9,20260803,2,-0.859,/das/user/QYJI/druggability/data/gpr81_phase1/phase6_full_series/poses/c07_9KT9_seed20260803.pdbqt
7,9KT9,20260803,3,-0.199,/das/user/QYJI/druggability/data/gpr81_phase1/phase6_full_series/poses/c07_9KT9_seed20260803.pdbqt
7,9KT9,20260803,4,0.246,/das/user/QYJI/druggability/data/gpr81_phase1/phase6_full_series/poses/c07_9KT9_seed20260803.pdbqt
7,9KT9,20260803,5,0.848,/das/user/QYJI/druggability/data/gpr81_phase1/phase6_full_series/poses/c07_9KT9_seed20260803.pdbqt
7,9KT9,1,1,-3.883,/das/user/QYJI/druggability/data/gpr81_phase1/phase6_full_series/poses/c07_9KT9_seed1.pdbqt
7,9KT9,1,2,-1.319,/das/user/QYJI/druggability/data/gpr81_phase1/phase6_full_series/poses/c07_9KT9_seed1.pdbqt
8,9KT9,20260803,1,2.855,/das/user/QYJI/druggability/data/gpr81_phase1/phase6_full_series/poses/c08_9KT9_seed20260803.pdbqt
8,9KT9,20260803,2,4.132,/das/user/QYJI/druggability/data/gpr81_phase1/phase6_full_series/poses/c08_9KT9_seed20260803.pdbqt
8,9KT9,20260803,3,4.238,/das/user/QYJI/druggability/data/gpr81_phase1/phase6_full_series/poses/c08_9KT9_seed20260803.pdbqt
8,9KT9,20260803,4,5.253,/das/user/QYJI/druggability/data/gpr81_phase1/phase6_full_series/poses/c08_9KT9_seed20260803.pdbqt
8,9KT9,1,1,2.834,/das/user/QYJI/druggability/data/gpr81_phase1/phase6_full_series/poses/c08_9KT9_seed1.pdbqt
8,9KT9,1,2,4.123,/das/user/QYJI/druggability/data/gpr81_phase1/phase6_full_series/poses/c08_9KT9_seed1.pdbqt
8,9KT9,1,3,4.247,/das/user/QYJI/druggability/data/gpr81_phase1/phase6_full_series/poses/c08_9KT9_seed1.pdbqt
8,9KT9,1,4,5.268,/das/user/QYJI/druggability/data/gpr81_phase1/phase6_full_series/poses/c08_9KT9_seed1.pdbqt
9,9KT9,20260803,1,-0.473,/das/user/QYJI/druggability/data/gpr81_phase1/phase6_full_series/poses/c09_9KT9_seed20260803.pdbqt
9,9KT9,20260803,2,1.168,/das/user/QYJI/druggability/data/gpr81_phase1/phase6_full_series/poses/c09_9KT9_seed20260803.pdbqt
9,9KT9,20260803,3,1.79,/das/user/QYJI/druggability/data/gpr81_phase1/phase6_full_series/poses/c09_9KT9_seed20260803.pdbqt
9,9KT9,1,1,-0.472,/das/user/QYJI/druggability/data/gpr81_phase1/phase6_full_series/poses/c09_9KT9_seed1.pdbqt
9,9KT9,1,2,1.181,/das/user/QYJI/druggability/data/gpr81_phase1/phase6_full_series/poses/c09_9KT9_seed1.pdbqt
9,9KT9,1,3,1.756,/das/user/QYJI/druggability/data/gpr81_phase1/phase6_full_series/poses/c09_9KT9_seed1.pdbqt
10,9KT9,20260803,1,-5.974,/das/user/QYJI/druggability/data/gpr81_phase1/phase6_full_series/poses/c10_9KT9_seed20260803.pdbqt
10,9KT9,20260803,2,-5.132,/das/user/QYJI/druggability/data/gpr81_phase1/phase6_full_series/poses/c10_9KT9_seed20260803.pdbqt
10,9KT9,20260803,3,-4.735,/das/user/QYJI/druggability/data/gpr81_phase1/phase6_full_series/poses/c10_9KT9_seed20260803.pdbqt
10,9KT9,20260803,4,-4.459,/das/user/QYJI/druggability/data/gpr81_phase1/phase6_full_series/poses/c10_9KT9_seed20260803.pdbqt
10,9KT9,20260803,5,-4.145,/das/user/QYJI/druggability/data/gpr81_phase1/phase6_full_series/poses/c10_9KT9_seed20260803.pdbqt
10,9KT9,1,1,-4.99,/das/user/QYJI/druggability/data/gpr81_phase1/phase6_full_series/poses/c10_9KT9_seed1.pdbqt
10,9KT9,1,2,-4.966,/das/user/QYJI/druggability/data/gpr81_phase1/phase6_full_series/poses/c10_9KT9_seed1.pdbqt
10,9KT9,1,3,-4.638,/das/user/QYJI/druggability/data/gpr81_phase1/phase6_full_series/poses/c10_9KT9_seed1.pdbqt
10,9KT9,1,4,-4.252,/das/user/QYJI/druggability/data/gpr81_phase1/phase6_full_series/poses/c10_9KT9_seed1.pdbqt
11,9KT9,20260803,1,-0.052,/das/user/QYJI/druggability/data/gpr81_phase1/phase6_full_series/poses/c11_9KT9_seed20260803.pdbqt
11,9KT9,20260803,2,0.323,/das/user/QYJI/druggability/data/gpr81_phase1/phase6_full_series/poses/c11_9KT9_seed20260803.pdbqt
11,9KT9,20260803,3,1.548,/das/user/QYJI/druggability/data/gpr81_phase1/phase6_full_series/poses/c11_9KT9_seed20260803.pdbqt
11,9KT9,1,1,-0.051,/das/user/QYJI/druggability/data/gpr81_phase1/phase6_full_series/poses/c11_9KT9_seed1.pdbqt
11,9KT9,1,2,0.373,/das/user/QYJI/druggability/data/gpr81_phase1/phase6_full_series/poses/c11_9KT9_seed1.pdbqt
12,9KT9,20260803,1,0.169,/das/user/QYJI/druggability/data/gpr81_phase1/phase6_full_series/poses/c12_9KT9_seed20260803.pdbqt
12,9KT9,20260803,2,0.496,/das/user/QYJI/druggability/data/gpr81_phase1/phase6_full_series/poses/c12_9KT9_seed20260803.pdbqt
12,9KT9,1,1,-3.93,/das/user/QYJI/druggability/data/gpr81_phase1/phase6_full_series/poses/c12_9KT9_seed1.pdbqt
13,9KT9,20260803,1,-4.337,/das/user/QYJI/druggability/data/gpr81_phase1/phase6_full_series/poses/c13_9KT9_seed20260803.pdbqt
13,9KT9,20260803,2,-4.323,/das/user/QYJI/druggability/data/gpr81_phase1/phase6_full_series/poses/c13_9KT9_seed20260803.pdbqt
13,9KT9,20260803,3,-3.406,/das/user/QYJI/druggability/data/gpr81_phase1/phase6_full_series/poses/c13_9KT9_seed20260803.pdbqt
13,9KT9,20260803,4,-2.742,/das/user/QYJI/druggability/data/gpr81_phase1/phase6_full_series/poses/c13_9KT9_seed20260803.pdbqt
13,9KT9,1,1,-4.359,/das/user/QYJI/druggability/data/gpr81_phase1/phase6_full_series/poses/c13_9KT9_seed1.pdbqt
14,9KT9,20260803,1,-4.846,/das/user/QYJI/druggability/data/gpr81_phase1/phase6_full_series/poses/c14_9KT9_seed20260803.pdbqt
14,9KT9,20260803,2,-2.378,/das/user/QYJI/druggability/data/gpr81_phase1/phase6_full_series/poses/c14_9KT9_seed20260803.pdbqt
14,9KT9,1,1,-6.042,/das/user/QYJI/druggability/data/gpr81_phase1/phase6_full_series/poses/c14_9KT9_seed1.pdbqt
14,9KT9,1,2,-5.09,/das/user/QYJI/druggability/data/gpr81_phase1/phase6_full_series/poses/c14_9KT9_seed1.pdbqt
14,9KT9,1,3,-4.865,/das/user/QYJI/druggability/data/gpr81_phase1/phase6_full_series/poses/c14_9KT9_seed1.pdbqt
14,9KT9,1,4,-4.399,/das/user/QYJI/druggability/data/gpr81_phase1/phase6_full_series/poses/c14_9KT9_seed1.pdbqt
14,9KT9,1,5,-3.633,/das/user/QYJI/druggability/data/gpr81_phase1/phase6_full_series/poses/c14_9KT9_seed1.pdbqt
15,9KT9,20260803,1,-4.995,/das/user/QYJI/druggability/data/gpr81_phase1/phase6_full_series/poses/c15_9KT9_seed20260803.pdbqt
15,9KT9,20260803,2,-2.689,/das/user/QYJI/druggability/data/gpr81_phase1/phase6_full_series/poses/c15_9KT9_seed20260803.pdbqt
15,9KT9,1,1,-4.952,/das/user/QYJI/druggability/data/gpr81_phase1/phase6_full_series/poses/c15_9KT9_seed1.pdbqt
15,9KT9,1,2,-3.003,/das/user/QYJI/druggability/data/gpr81_phase1/phase6_full_series/poses/c15_9KT9_seed1.pdbqt
15,9KT9,1,3,-2.658,/das/user/QYJI/druggability/data/gpr81_phase1/phase6_full_series/poses/c15_9KT9_seed1.pdbqt
15,9KT9,1,4,-2.608,/das/user/QYJI/druggability/data/gpr81_phase1/phase6_full_series/poses/c15_9KT9_seed1.pdbqt
16,9KT9,20260803,1,-4.934,/das/user/QYJI/druggability/data/gpr81_phase1/phase6_full_series/poses/c16_9KT9_seed20260803.pdbqt
16,9KT9,20260803,2,-2.519,/das/user/QYJI/druggability/data/gpr81_phase1/phase6_full_series/poses/c16_9KT9_seed20260803.pdbqt
16,9KT9,20260803,3,-2.438,/das/user/QYJI/druggability/data/gpr81_phase1/phase6_full_series/poses/c16_9KT9_seed20260803.pdbqt
16,9KT9,20260803,4,-2.093,/das/user/QYJI/druggability/data/gpr81_phase1/phase6_full_series/poses/c16_9KT9_seed20260803.pdbqt
16,9KT9,1,1,-5.089,/das/user/QYJI/druggability/data/gpr81_phase1/phase6_full_series/poses/c16_9KT9_seed1.pdbqt
16,9KT9,1,2,-4.517,/das/user/QYJI/druggability/data/gpr81_phase1/phase6_full_series/poses/c16_9KT9_seed1.pdbqt
16,9KT9,1,3,-4.332,/das/user/QYJI/druggability/data/gpr81_phase1/phase6_full_series/poses/c16_9KT9_seed1.pdbqt
16,9KT9,1,4,-3.264,/das/user/QYJI/druggability/data/gpr81_phase1/phase6_full_series/poses/c16_9KT9_seed1.pdbqt
16,9KT9,1,5,-3.086,/das/user/QYJI/druggability/data/gpr81_phase1/phase6_full_series/poses/c16_9KT9_seed1.pdbqt
17,9KT9,20260803,1,-5.859,/das/user/QYJI/druggability/data/gpr81_phase1/phase6_full_series/poses/c17_9KT9_seed20260803.pdbqt
17,9KT9,20260803,2,-5.314,/das/user/QYJI/druggability/data/gpr81_phase1/phase6_full_series/poses/c17_9KT9_seed20260803.pdbqt
17,9KT9,20260803,3,-3.824,/das/user/QYJI/druggability/data/gpr81_phase1/phase6_full_series/poses/c17_9KT9_seed20260803.pdbqt
17,9KT9,1,1,-5.346,/das/user/QYJI/druggability/data/gpr81_phase1/phase6_full_series/poses/c17_9KT9_seed1.pdbqt
17,9KT9,1,2,-4.415,/das/user/QYJI/druggability/data/gpr81_phase1/phase6_full_series/poses/c17_9KT9_seed1.pdbqt
18,9KT9,20260803,1,-5.354,/das/user/QYJI/druggability/data/gpr81_phase1/phase6_full_series/poses/c18_9KT9_seed20260803.pdbqt
18,9KT9,20260803,2,-5.265,/das/user/QYJI/druggability/data/gpr81_phase1/phase6_full_series/poses/c18_9KT9_seed20260803.pdbqt
18,9KT9,20260803,3,-5.093,/das/user/QYJI/druggability/data/gpr81_phase1/phase6_full_series/poses/c18_9KT9_seed20260803.pdbqt
18,9KT9,20260803,4,-4.797,/das/user/QYJI/druggability/data/gpr81_phase1/phase6_full_series/poses/c18_9KT9_seed20260803.pdbqt
18,9KT9,20260803,5,-4.349,/das/user/QYJI/druggability/data/gpr81_phase1/phase6_full_series/poses/c18_9KT9_seed20260803.pdbqt
18,9KT9,1,1,-5.5,/das/user/QYJI/druggability/data/gpr81_phase1/phase6_full_series/poses/c18_9KT9_seed1.pdbqt
18,9KT9,1,2,-5.401,/das/user/QYJI/druggability/data/gpr81_phase1/phase6_full_series/poses/c18_9KT9_seed1.pdbqt
18,9KT9,1,3,-4.74,/das/user/QYJI/druggability/data/gpr81_phase1/phase6_full_series/poses/c18_9KT9_seed1.pdbqt
18,9KT9,1,4,-4.364,/das/user/QYJI/druggability/data/gpr81_phase1/phase6_full_series/poses/c18_9KT9_seed1.pdbqt
18,9KT9,1,5,-4.322,/das/user/QYJI/druggability/data/gpr81_phase1/phase6_full_series/poses/c18_9KT9_seed1.pdbqt
19,9KT9,20260803,1,-4.926,/das/user/QYJI/druggability/data/gpr81_phase1/phase6_full_series/poses/c19_9KT9_seed20260803.pdbqt
19,9KT9,20260803,2,-4.874,/das/user/QYJI/druggability/data/gpr81_phase1/phase6_full_series/poses/c19_9KT9_seed20260803.pdbqt
19,9KT9,20260803,3,-4.111,/das/user/QYJI/druggability/data/gpr81_phase1/phase6_full_series/poses/c19_9KT9_seed20260803.pdbqt
19,9KT9,1,1,-4.761,/das/user/QYJI/druggability/data/gpr81_phase1/phase6_full_series/poses/c19_9KT9_seed1.pdbqt
19,9KT9,1,2,-1.782,/das/user/QYJI/druggability/data/gpr81_phase1/phase6_full_series/poses/c19_9KT9_seed1.pdbqt
20,9KT9,20260803,1,-5.745,/das/user/QYJI/druggability/data/gpr81_phase1/phase6_full_series/poses/c20_9KT9_seed20260803.pdbqt
20,9KT9,20260803,2,-5.725,/das/user/QYJI/druggability/data/gpr81_phase1/phase6_full_series/poses/c20_9KT9_seed20260803.pdbqt
20,9KT9,20260803,3,-5.075,/das/user/QYJI/druggability/data/gpr81_phase1/phase6_full_series/poses/c20_9KT9_seed20260803.pdbqt
20,9KT9,20260803,4,-4.653,/das/user/QYJI/druggability/data/gpr81_phase1/phase6_full_series/poses/c20_9KT9_seed20260803.pdbqt
20,9KT9,20260803,5,-3.204,/das/user/QYJI/druggability/data/gpr81_phase1/phase6_full_series/poses/c20_9KT9_seed20260803.pdbqt
20,9KT9,1,1,-5.795,/das/user/QYJI/druggability/data/gpr81_phase1/phase6_full_series/poses/c20_9KT9_seed1.pdbqt
20,9KT9,1,2,-5.366,/das/user/QYJI/druggability/data/gpr81_phase1/phase6_full_series/poses/c20_9KT9_seed1.pdbqt
20,9KT9,1,3,-5.031,/das/user/QYJI/druggability/data/gpr81_phase1/phase6_full_series/poses/c20_9KT9_seed1.pdbqt
20,9KT9,1,4,-3.533,/das/user/QYJI/druggability/data/gpr81_phase1/phase6_full_series/poses/c20_9KT9_seed1.pdbqt
20,9KT9,1,5,-3.271,/das/user/QYJI/druggability/data/gpr81_phase1/phase6_full_series/poses/c20_9KT9_seed1.pdbqt
21,9KT9,20260803,1,-3.481,/das/user/QYJI/druggability/data/gpr81_phase1/phase6_full_series/poses/c21_9KT9_seed20260803.pdbqt
21,9KT9,20260803,2,-2.542,/das/user/QYJI/druggability/data/gpr81_phase1/phase6_full_series/poses/c21_9KT9_seed20260803.pdbqt
21,9KT9,20260803,3,-2.491,/das/user/QYJI/druggability/data/gpr81_phase1/phase6_full_series/poses/c21_9KT9_seed20260803.pdbqt
21,9KT9,20260803,4,-0.534,/das/user/QYJI/druggability/data/gpr81_phase1/phase6_full_series/poses/c21_9KT9_seed20260803.pdbqt
21,9KT9,1,1,-3.554,/das/user/QYJI/druggability/data/gpr81_phase1/phase6_full_series/poses/c21_9KT9_seed1.pdbqt
21,9KT9,1,2,-2.852,/das/user/QYJI/druggability/data/gpr81_phase1/phase6_full_series/poses/c21_9KT9_seed1.pdbqt
21,9KT9,1,3,-0.711,/das/user/QYJI/druggability/data/gpr81_phase1/phase6_full_series/poses/c21_9KT9_seed1.pdbqt
21,9KT9,1,4,-0.664,/das/user/QYJI/druggability/data/gpr81_phase1/phase6_full_series/poses/c21_9KT9_seed1.pdbqt
22,9KT9,20260803,1,0.312,/das/user/QYJI/druggability/data/gpr81_phase1/phase6_full_series/poses/c22_9KT9_seed20260803.pdbqt
22,9KT9,1,1,3.22,/das/user/QYJI/druggability/data/gpr81_phase1/phase6_full_series/poses/c22_9KT9_seed1.pdbqt
22,9KT9,1,2,6.033,/das/user/QYJI/druggability/data/gpr81_phase1/phase6_full_series/poses/c22_9KT9_seed1.pdbqt
23,9KT9,20260803,1,-1.929,/das/user/QYJI/druggability/data/gpr81_phase1/phase6_full_series/poses/c23_9KT9_seed20260803.pdbqt
23,9KT9,20260803,2,-0.246,/das/user/QYJI/druggability/data/gpr81_phase1/phase6_full_series/poses/c23_9KT9_seed20260803.pdbqt
23,9KT9,20260803,3,-0.224,/das/user/QYJI/druggability/data/gpr81_phase1/phase6_full_series/poses/c23_9KT9_seed20260803.pdbqt
23,9KT9,20260803,4,0.409,/das/user/QYJI/druggability/data/gpr81_phase1/phase6_full_series/poses/c23_9KT9_seed20260803.pdbqt
23,9KT9,20260803,5,0.72,/das/user/QYJI/druggability/data/gpr81_phase1/phase6_full_series/poses/c23_9KT9_seed20260803.pdbqt
23,9KT9,1,1,-4.421,/das/user/QYJI/druggability/data/gpr81_phase1/phase6_full_series/poses/c23_9KT9_seed1.pdbqt
24,9KT9,20260803,1,-4.862,/das/user/QYJI/druggability/data/gpr81_phase1/phase6_full_series/poses/c24_9KT9_seed20260803.pdbqt
24,9KT9,20260803,2,-4.737,/das/user/QYJI/druggability/data/gpr81_phase1/phase6_full_series/poses/c24_9KT9_seed20260803.pdbqt
24,9KT9,20260803,3,-4.303,/das/user/QYJI/druggability/data/gpr81_phase1/phase6_full_series/poses/c24_9KT9_seed20260803.pdbqt
24,9KT9,20260803,4,-4.289,/das/user/QYJI/druggability/data/gpr81_phase1/phase6_full_series/poses/c24_9KT9_seed20260803.pdbqt
24,9KT9,1,1,-5.859,/das/user/QYJI/druggability/data/gpr81_phase1/phase6_full_series/poses/c24_9KT9_seed1.pdbqt
24,9KT9,1,2,-3.494,/das/user/QYJI/druggability/data/gpr81_phase1/phase6_full_series/poses/c24_9KT9_seed1.pdbqt
25,9KT9,20260803,1,-1.367,/das/user/QYJI/druggability/data/gpr81_phase1/phase6_full_series/poses/c25_9KT9_seed20260803.pdbqt
25,9KT9,20260803,2,0.234,/das/user/QYJI/druggability/data/gpr81_phase1/phase6_full_series/poses/c25_9KT9_seed20260803.pdbqt
25,9KT9,20260803,3,0.283,/das/user/QYJI/druggability/data/gpr81_phase1/phase6_full_series/poses/c25_9KT9_seed20260803.pdbqt
25,9KT9,20260803,4,0.779,/das/user/QYJI/druggability/data/gpr81_phase1/phase6_full_series/poses/c25_9KT9_seed20260803.pdbqt
25,9KT9,1,1,1.549,/das/user/QYJI/druggability/data/gpr81_phase1/phase6_full_series/poses/c25_9KT9_seed1.pdbqt
25,9KT9,1,2,1.792,/das/user/QYJI/druggability/data/gpr81_phase1/phase6_full_series/poses/c25_9KT9_seed1.pdbqt
25,9KT9,1,3,2.392,/das/user/QYJI/druggability/data/gpr81_phase1/phase6_full_series/poses/c25_9KT9_seed1.pdbqt
25,9KT9,1,4,3.599,/das/user/QYJI/druggability/data/gpr81_phase1/phase6_full_series/poses/c25_9KT9_seed1.pdbqt
25,9KT9,1,5,3.92,/das/user/QYJI/druggability/data/gpr81_phase1/phase6_full_series/poses/c25_9KT9_seed1.pdbqt
26,9KT9,20260803,1,-5.202,/das/user/QYJI/druggability/data/gpr81_phase1/phase6_full_series/poses/c26_9KT9_seed20260803.pdbqt
26,9KT9,20260803,2,-4.95,/das/user/QYJI/druggability/data/gpr81_phase1/phase6_full_series/poses/c26_9KT9_seed20260803.pdbqt
26,9KT9,20260803,3,-4.236,/das/user/QYJI/druggability/data/gpr81_phase1/phase6_full_series/poses/c26_9KT9_seed20260803.pdbqt
26,9KT9,20260803,4,-3.897,/das/user/QYJI/druggability/data/gpr81_phase1/phase6_full_series/poses/c26_9KT9_seed20260803.pdbqt
26,9KT9,20260803,5,-3.538,/das/user/QYJI/druggability/data/gpr81_phase1/phase6_full_series/poses/c26_9KT9_seed20260803.pdbqt
26,9KT9,1,1,-5.231,/das/user/QYJI/druggability/data/gpr81_phase1/phase6_full_series/poses/c26_9KT9_seed1.pdbqt
26,9KT9,1,2,-5.16,/das/user/QYJI/druggability/data/gpr81_phase1/phase6_full_series/poses/c26_9KT9_seed1.pdbqt
26,9KT9,1,3,-4.945,/das/user/QYJI/druggability/data/gpr81_phase1/phase6_full_series/poses/c26_9KT9_seed1.pdbqt
26,9KT9,1,4,-4.257,/das/user/QYJI/druggability/data/gpr81_phase1/phase6_full_series/poses/c26_9KT9_seed1.pdbqt
26,9KT9,1,5,-3.876,/das/user/QYJI/druggability/data/gpr81_phase1/phase6_full_series/poses/c26_9KT9_seed1.pdbqt
27,9KT9,20260803,1,-3.549,/das/user/QYJI/druggability/data/gpr81_phase1/phase6_full_series/poses/c27_9KT9_seed20260803.pdbqt
27,9KT9,1,1,-0.982,/das/user/QYJI/druggability/data/gpr81_phase1/phase6_full_series/poses/c27_9KT9_seed1.pdbqt
28,9KT9,20260803,1,-4.899,/das/user/QYJI/druggability/data/gpr81_phase1/phase6_full_series/poses/c28_9KT9_seed20260803.pdbqt
28,9KT9,20260803,2,-4.546,/das/user/QYJI/druggability/data/gpr81_phase1/phase6_full_series/poses/c28_9KT9_seed20260803.pdbqt
28,9KT9,20260803,3,-2.937,/das/user/QYJI/druggability/data/gpr81_phase1/phase6_full_series/poses/c28_9KT9_seed20260803.pdbqt
28,9KT9,20260803,4,-2.748,/das/user/QYJI/druggability/data/gpr81_phase1/phase6_full_series/poses/c28_9KT9_seed20260803.pdbqt
28,9KT9,20260803,5,-2.569,/das/user/QYJI/druggability/data/gpr81_phase1/phase6_full_series/poses/c28_9KT9_seed20260803.pdbqt
28,9KT9,1,1,-3.653,/das/user/QYJI/druggability/data/gpr81_phase1/phase6_full_series/poses/c28_9KT9_seed1.pdbqt
28,9KT9,1,2,-2.043,/das/user/QYJI/druggability/data/gpr81_phase1/phase6_full_series/poses/c28_9KT9_seed1.pdbqt
28,9KT9,1,3,-1.524,/das/user/QYJI/druggability/data/gpr81_phase1/phase6_full_series/poses/c28_9KT9_seed1.pdbqt
28,9KT9,1,4,-0.693,/das/user/QYJI/druggability/data/gpr81_phase1/phase6_full_series/poses/c28_9KT9_seed1.pdbqt
29,9KT9,20260803,1,-3.124,/das/user/QYJI/druggability/data/gpr81_phase1/phase6_full_series/poses/c29_9KT9_seed20260803.pdbqt
29,9KT9,20260803,2,-2.835,/das/user/QYJI/druggability/data/gpr81_phase1/phase6_full_series/poses/c29_9KT9_seed20260803.pdbqt
29,9KT9,20260803,3,-2.115,/das/user/QYJI/druggability/data/gpr81_phase1/phase6_full_series/poses/c29_9KT9_seed20260803.pdbqt
29,9KT9,20260803,4,-1.927,/das/user/QYJI/druggability/data/gpr81_phase1/phase6_full_series/poses/c29_9KT9_seed20260803.pdbqt
29,9KT9,20260803,5,-1.424,/das/user/QYJI/druggability/data/gpr81_phase1/phase6_full_series/poses/c29_9KT9_seed20260803.pdbqt
29,9KT9,1,1,-3.166,/das/user/QYJI/druggability/data/gpr81_phase1/phase6_full_series/poses/c29_9KT9_seed1.pdbqt
29,9KT9,1,2,-2.71,/das/user/QYJI/druggability/data/gpr81_phase1/phase6_full_series/poses/c29_9KT9_seed1.pdbqt
29,9KT9,1,3,-2.422,/das/user/QYJI/druggability/data/gpr81_phase1/phase6_full_series/poses/c29_9KT9_seed1.pdbqt
29,9KT9,1,4,-2.171,/das/user/QYJI/druggability/data/gpr81_phase1/phase6_full_series/poses/c29_9KT9_seed1.pdbqt
29,9KT9,1,5,-1.427,/das/user/QYJI/druggability/data/gpr81_phase1/phase6_full_series/poses/c29_9KT9_seed1.pdbqt
30,9KT9,20260803,1,5.713,/das/user/QYJI/druggability/data/gpr81_phase1/phase6_full_series/poses/c30_9KT9_seed20260803.pdbqt
30,9KT9,20260803,2,6.436,/das/user/QYJI/druggability/data/gpr81_phase1/phase6_full_series/poses/c30_9KT9_seed20260803.pdbqt
30,9KT9,20260803,3,7.387,/das/user/QYJI/druggability/data/gpr81_phase1/phase6_full_series/poses/c30_9KT9_seed20260803.pdbqt
30,9KT9,20260803,4,7.642,/das/user/QYJI/druggability/data/gpr81_phase1/phase6_full_series/poses/c30_9KT9_seed20260803.pdbqt
30,9KT9,20260803,5,7.768,/das/user/QYJI/druggability/data/gpr81_phase1/phase6_full_series/poses/c30_9KT9_seed20260803.pdbqt
30,9KT9,1,1,5.687,/das/user/QYJI/druggability/data/gpr81_phase1/phase6_full_series/poses/c30_9KT9_seed1.pdbqt
30,9KT9,1,2,6.428,/das/user/QYJI/druggability/data/gpr81_phase1/phase6_full_series/poses/c30_9KT9_seed1.pdbqt
30,9KT9,1,3,6.589,/das/user/QYJI/druggability/data/gpr81_phase1/phase6_full_series/poses/c30_9KT9_seed1.pdbqt
30,9KT9,1,4,7.495,/das/user/QYJI/druggability/data/gpr81_phase1/phase6_full_series/poses/c30_9KT9_seed1.pdbqt
30,9KT9,1,5,8.256,/das/user/QYJI/druggability/data/gpr81_phase1/phase6_full_series/poses/c30_9KT9_seed1.pdbqt
31,9KT9,20260803,1,6.076,/das/user/QYJI/druggability/data/gpr81_phase1/phase6_full_series/poses/c31_9KT9_seed20260803.pdbqt
31,9KT9,20260803,2,7.749,/das/user/QYJI/druggability/data/gpr81_phase1/phase6_full_series/poses/c31_9KT9_seed20260803.pdbqt
31,9KT9,20260803,3,9.033,/das/user/QYJI/druggability/data/gpr81_phase1/phase6_full_series/poses/c31_9KT9_seed20260803.pdbqt
31,9KT9,1,1,8.648,/das/user/QYJI/druggability/data/gpr81_phase1/phase6_full_series/poses/c31_9KT9_seed1.pdbqt
31,9KT9,1,2,9.761,/das/user/QYJI/druggability/data/gpr81_phase1/phase6_full_series/poses/c31_9KT9_seed1.pdbqt
32,9KT9,20260803,1,-3.267,/das/user/QYJI/druggability/data/gpr81_phase1/phase6_full_series/poses/c32_9KT9_seed20260803.pdbqt
32,9KT9,20260803,2,-3.055,/das/user/QYJI/druggability/data/gpr81_phase1/phase6_full_series/poses/c32_9KT9_seed20260803.pdbqt
32,9KT9,1,1,-3.851,/das/user/QYJI/druggability/data/gpr81_phase1/phase6_full_series/poses/c32_9KT9_seed1.pdbqt
32,9KT9,1,2,-2.968,/das/user/QYJI/druggability/data/gpr81_phase1/phase6_full_series/poses/c32_9KT9_seed1.pdbqt
33,9KT9,20260803,1,3.986,/das/user/QYJI/druggability/data/gpr81_phase1/phase6_full_series/poses/c33_9KT9_seed20260803.pdbqt
33,9KT9,20260803,2,4.819,/das/user/QYJI/druggability/data/gpr81_phase1/phase6_full_series/poses/c33_9KT9_seed20260803.pdbqt
33,9KT9,20260803,3,6.917,/das/user/QYJI/druggability/data/gpr81_phase1/phase6_full_series/poses/c33_9KT9_seed20260803.pdbqt
33,9KT9,1,1,3.95,/das/user/QYJI/druggability/data/gpr81_phase1/phase6_full_series/poses/c33_9KT9_seed1.pdbqt
33,9KT9,1,2,4.816,/das/user/QYJI/druggability/data/gpr81_phase1/phase6_full_series/poses/c33_9KT9_seed1.pdbqt
33,9KT9,1,3,6.544,/das/user/QYJI/druggability/data/gpr81_phase1/phase6_full_series/poses/c33_9KT9_seed1.pdbqt
34,9KT9,20260803,1,-3.924,/das/user/QYJI/druggability/data/gpr81_phase1/phase6_full_series/poses/c34_9KT9_seed20260803.pdbqt
34,9KT9,1,1,-3.614,/das/user/QYJI/druggability/data/gpr81_phase1/phase6_full_series/poses/c34_9KT9_seed1.pdbqt
35,9KT9,20260803,1,4.09,/das/user/QYJI/druggability/data/gpr81_phase1/phase6_full_series/poses/c35_9KT9_seed20260803.pdbqt
35,9KT9,20260803,2,4.097,/das/user/QYJI/druggability/data/gpr81_phase1/phase6_full_series/poses/c35_9KT9_seed20260803.pdbqt
35,9KT9,20260803,3,4.427,/das/user/QYJI/druggability/data/gpr81_phase1/phase6_full_series/poses/c35_9KT9_seed20260803.pdbqt
35,9KT9,20260803,4,4.457,/das/user/QYJI/druggability/data/gpr81_phase1/phase6_full_series/poses/c35_9KT9_seed20260803.pdbqt
35,9KT9,20260803,5,4.649,/das/user/QYJI/druggability/data/gpr81_phase1/phase6_full_series/poses/c35_9KT9_seed20260803.pdbqt
35,9KT9,1,1,3.152,/das/user/QYJI/druggability/data/gpr81_phase1/phase6_full_series/poses/c35_9KT9_seed1.pdbqt
35,9KT9,1,2,4.341,/das/user/QYJI/druggability/data/gpr81_phase1/phase6_full_series/poses/c35_9KT9_seed1.pdbqt
35,9KT9,1,3,4.765,/das/user/QYJI/druggability/data/gpr81_phase1/phase6_full_series/poses/c35_9KT9_seed1.pdbqt
35,9KT9,1,4,4.826,/das/user/QYJI/druggability/data/gpr81_phase1/phase6_full_series/poses/c35_9KT9_seed1.pdbqt
36,9KT9,20260803,1,-0.347,/das/user/QYJI/druggability/data/gpr81_phase1/phase6_full_series/poses/c36_9KT9_seed20260803.pdbqt
36,9KT9,20260803,2,1.7,/das/user/QYJI/druggability/data/gpr81_phase1/phase6_full_series/poses/c36_9KT9_seed20260803.pdbqt
36,9KT9,1,1,2.331,/das/user/QYJI/druggability/data/gpr81_phase1/phase6_full_series/poses/c36_9KT9_seed1.pdbqt
36,9KT9,1,2,3.228,/das/user/QYJI/druggability/data/gpr81_phase1/phase6_full_series/poses/c36_9KT9_seed1.pdbqt
36,9KT9,1,3,3.979,/das/user/QYJI/druggability/data/gpr81_phase1/phase6_full_series/poses/c36_9KT9_seed1.pdbqt
36,9KT9,1,4,5.067,/das/user/QYJI/druggability/data/gpr81_phase1/phase6_full_series/poses/c36_9KT9_seed1.pdbqt
36,9KT9,1,5,5.292,/das/user/QYJI/druggability/data/gpr81_phase1/phase6_full_series/poses/c36_9KT9_seed1.pdbqt
37,9KT9,20260803,1,3.331,/das/user/QYJI/druggability/data/gpr81_phase1/phase6_full_series/poses/c37_9KT9_seed20260803.pdbqt
37,9KT9,20260803,2,4.958,/das/user/QYJI/druggability/data/gpr81_phase1/phase6_full_series/poses/c37_9KT9_seed20260803.pdbqt
37,9KT9,20260803,3,5.428,/das/user/QYJI/druggability/data/gpr81_phase1/phase6_full_series/poses/c37_9KT9_seed20260803.pdbqt
37,9KT9,20260803,4,6.033,/das/user/QYJI/druggability/data/gpr81_phase1/phase6_full_series/poses/c37_9KT9_seed20260803.pdbqt
37,9KT9,20260803,5,6.287,/das/user/QYJI/druggability/data/gpr81_phase1/phase6_full_series/poses/c37_9KT9_seed20260803.pdbqt
37,9KT9,1,1,1.972,/das/user/QYJI/druggability/data/gpr81_phase1/phase6_full_series/poses/c37_9KT9_seed1.pdbqt
37,9KT9,1,2,3.222,/das/user/QYJI/druggability/data/gpr81_phase1/phase6_full_series/poses/c37_9KT9_seed1.pdbqt
37,9KT9,1,3,4.727,/das/user/QYJI/druggability/data/gpr81_phase1/phase6_full_series/poses/c37_9KT9_seed1.pdbqt
38,9KT9,20260803,1,1.773,/das/user/QYJI/druggability/data/gpr81_phase1/phase6_full_series/poses/c38_9KT9_seed20260803.pdbqt
38,9KT9,20260803,2,2.353,/das/user/QYJI/druggability/data/gpr81_phase1/phase6_full_series/poses/c38_9KT9_seed20260803.pdbqt
38,9KT9,20260803,3,4.206,/das/user/QYJI/druggability/data/gpr81_phase1/phase6_full_series/poses/c38_9KT9_seed20260803.pdbqt
38,9KT9,20260803,4,4.301,/das/user/QYJI/druggability/data/gpr81_phase1/phase6_full_series/poses/c38_9KT9_seed20260803.pdbqt
38,9KT9,1,1,3.751,/das/user/QYJI/druggability/data/gpr81_phase1/phase6_full_series/poses/c38_9KT9_seed1.pdbqt
38,9KT9,1,2,4.758,/das/user/QYJI/druggability/data/gpr81_phase1/phase6_full_series/poses/c38_9KT9_seed1.pdbqt
38,9KT9,1,3,5.708,/das/user/QYJI/druggability/data/gpr81_phase1/phase6_full_series/poses/c38_9KT9_seed1.pdbqt
39,9KT9,20260803,1,-5.244,/das/user/QYJI/druggability/data/gpr81_phase1/phase6_full_series/poses/c39_9KT9_seed20260803.pdbqt
39,9KT9,20260803,2,-4.821,/das/user/QYJI/druggability/data/gpr81_phase1/phase6_full_series/poses/c39_9KT9_seed20260803.pdbqt
39,9KT9,20260803,3,-4.773,/das/user/QYJI/druggability/data/gpr81_phase1/phase6_full_series/poses/c39_9KT9_seed20260803.pdbqt
39,9KT9,20260803,4,-4.769,/das/user/QYJI/druggability/data/gpr81_phase1/phase6_full_series/poses/c39_9KT9_seed20260803.pdbqt
39,9KT9,20260803,5,-3.874,/das/user/QYJI/druggability/data/gpr81_phase1/phase6_full_series/poses/c39_9KT9_seed20260803.pdbqt
39,9KT9,1,1,-4.94,/das/user/QYJI/druggability/data/gpr81_phase1/phase6_full_series/poses/c39_9KT9_seed1.pdbqt
39,9KT9,1,2,-4.771,/das/user/QYJI/druggability/data/gpr81_phase1/phase6_full_series/poses/c39_9KT9_seed1.pdbqt
39,9KT9,1,3,-4.747,/das/user/QYJI/druggability/data/gpr81_phase1/phase6_full_series/poses/c39_9KT9_seed1.pdbqt
39,9KT9,1,4,-4.647,/das/user/QYJI/druggability/data/gpr81_phase1/phase6_full_series/poses/c39_9KT9_seed1.pdbqt
39,9KT9,1,5,-3.732,/das/user/QYJI/druggability/data/gpr81_phase1/phase6_full_series/poses/c39_9KT9_seed1.pdbqt
