entry_id,name,smiles,ec50_nM,emax_pct,boltz_job_id,boltz_result_url,boltz_exit_code,boltz_affinity_pred_value,boltz_affinity_probability_binary,boltz_confidence_score,boltz_ligand_iptm,boltz_complex_ipde,error
c01,Davidsson 2020 compound 1,CCOc1cc(Cl)c(C(=O)NC(=O)Nc2nc3ccc(S(=O)(=O)C4CCN(C)CC4)cc3s2)cc1-n1cccn1,23.0,,f11aa28d-dd24-4cf9-9091-a6ee55948fe9,https://biolib.corp.novocorp.net/results/f11aa28d-dd24-4cf9-9091-a6ee55948fe9/,0,-1.3746185302734375,0.452877402305603,0.7800961136817932,0.8648126125335693,1.6001839637756348,
c02,Davidsson 2020 compound 2,CCOc1cc(Cl)c(C(=O)NC(=O)Nc2nc3ccc(CN4CCN(C)CC4)cc3s2)cc1N1CCOCC1,74.0,,74c79de3-1b32-4504-8cff-bcd6d8b022a3,https://biolib.corp.novocorp.net/results/74c79de3-1b32-4504-8cff-bcd6d8b022a3/,0,-0.9190517663955688,0.2586272656917572,0.8211199045181274,0.9214555025100708,1.29713773727417,
c03,Davidsson 2020 compound 3,CCOc1cc(C)c(C(=O)NC(=O)Nc2nc3ccc(CN4CCN(C)CC4)cc3s2)cc1N1CCOCC1,3.7,,4d225321-b851-41f6-bdd7-e96d8cda3cc8,https://biolib.corp.novocorp.net/results/4d225321-b851-41f6-bdd7-e96d8cda3cc8/,0,-0.115895576775074,0.1057925820350647,0.8191276788711548,0.905204713344574,1.361725926399231,
c05,Davidsson 2020 compound 5,CCOc1cc(C(=O)NC(=O)Nc2nc3ccc(CN4CCN(C)CC4)cc3s2)cc(N2CCOCC2)c1,0.74,47,58f2378e-8985-43ef-8873-71dbc03b8dd1,https://biolib.corp.novocorp.net/results/58f2378e-8985-43ef-8873-71dbc03b8dd1/,0,-0.28239676356315613,0.13030578196048737,0.8252162933349609,0.921225905418396,1.2039715051651,
c04,Davidsson 2020 compound 4,CCOc1cc(C(F)(F)F)c(C(=O)NC(=O)Nc2nc3ccc(CN4CCN(C)CC4)cc3s2)cc1N1CCOCC1,1.4,,fb59d307-6c85-4a7b-a210-613dcc72ac9d,https://biolib.corp.novocorp.net/results/fb59d307-6c85-4a7b-a210-613dcc72ac9d/,0,-0.6591058969497681,0.19361649453639984,0.8345341086387634,0.9316819906234741,1.0912272930145264,
c06,Davidsson 2020 compound 6,Cc1cc(Cl)c(C(=O)NC(=O)Nc2nc3ccc(S(=O)(=O)C4CCN(C)CC4)cc3s2)cc1-n1cccn1,6.1000000000000005,70,80bc1244-fd2b-43aa-834b-eab7b8706b35,https://biolib.corp.novocorp.net/results/80bc1244-fd2b-43aa-834b-eab7b8706b35/,0,0.254827618598938,0.2799091935157776,0.8509020209312439,0.9485436677932739,0.9671279191970825,
c07,Davidsson 2020 compound 7,FC1=CC(Cl)=C(C(=O)NC(=O)Nc2nc3ccc(S(=O)(=O)C4CCN(C)CC4)cc3s2)C=C1-n1cccn1,3.6,70,cd23f842-93cc-491e-bef3-a5ce4b0de2b6,https://biolib.corp.novocorp.net/results/cd23f842-93cc-491e-bef3-a5ce4b0de2b6/,0,-0.033991873264312744,0.21453365683555603,0.827917754650116,0.9189918041229248,1.4107168912887573,
c08,Davidsson 2020 compound 8,Clc1cc(C(=O)NC(=O)Nc2nc3ccc(S(=O)(=O)C4CCN(C)CC4)cc3s2)cc(-n2cccn2)c1,7.0,74,f8ecfc2c-ecdc-4ad7-bea6-a8a5780c0aed,https://biolib.corp.novocorp.net/results/f8ecfc2c-ecdc-4ad7-bea6-a8a5780c0aed/,0,0.4086746871471405,0.49022769927978516,0.846125602722168,0.911202609539032,1.3779021501541138,
c09,Davidsson 2020 compound 9,CCOc1cc(Cl)c(C(=O)NC(=O)Nc2nc3ccc(CN4CCN(C)CC4)cc3s2)cc1N1CCOC(C)C1,32.0,,7a69dfb9-bcd2-4e30-bc06-a3c54aebe43c,https://biolib.corp.novocorp.net/results/7a69dfb9-bcd2-4e30-bc06-a3c54aebe43c/,0,-0.7393651604652405,0.2750939130783081,0.8455004692077637,0.9648831486701965,0.7069198489189148,
c10,Davidsson 2020 compound 10,CCOc1cc(Cl)c(C(=O)NC(=O)Nc2nc3ccc(CN4CCN(C)CC4)cc3s2)cc1N1CCCC1,13.0,,0eb34ee1-08ae-4895-89ee-1a9fb8992fca,https://biolib.corp.novocorp.net/results/0eb34ee1-08ae-4895-89ee-1a9fb8992fca/,0,-1.3030197620391846,0.45699524879455566,0.8161045908927917,0.947150707244873,0.9464676976203918,
c11,Davidsson 2020 compound 11,CCOc1cc(Cl)c(C(=O)NC(=O)Nc2nc3ccc(CN4CCN(C)CC4)cc3s2)cc1-n1cccn1,19.0,,4b93b369-c594-4be6-8e6c-201ce94f098a,https://biolib.corp.novocorp.net/results/4b93b369-c594-4be6-8e6c-201ce94f098a/,0,-0.9600139856338501,0.2821611762046814,0.8092092871665955,0.9284258484840393,1.13295578956604,
c12,Davidsson 2020 compound 12,CCOc1cc(Cl)c(C(=O)NC(=O)Nc2nc3ccc(CN4CCN(C)CC4)cc3s2)cc1-n1cccc1,22.0,,8e4367dd-b3df-45fd-8045-11d5762d9c30,https://biolib.corp.novocorp.net/results/8e4367dd-b3df-45fd-8045-11d5762d9c30/,0,-1.2948638200759888,0.46243590116500854,0.8367059826850891,0.9101858735084534,1.2414799928665161,
c13,Davidsson 2020 compound 13,CCOc1cc(Cl)c(C(=O)NC(=O)Nc2nc3ccc(CN4CCN(C)CC4)cc3s2)cc1-c1cn[nH]c1,360.0,,04afd945-f311-495a-a55e-395d60243a1a,https://biolib.corp.novocorp.net/results/04afd945-f311-495a-a55e-395d60243a1a/,0,-0.9516792297363281,0.11318042874336243,0.8396348357200623,0.9523109793663025,0.9090209603309631,
c14,Davidsson 2020 compound 14,CCOc1cc(Cl)c(C(=O)NC(=O)Nc2nc3ccc(CN4CCN(C)CC4)cc3s2)cc1,560.0,47,f004ad4e-c94b-4290-9f1c-301c772df5ce,https://biolib.corp.novocorp.net/results/f004ad4e-c94b-4290-9f1c-301c772df5ce/,0,-0.6062648296356201,0.3520008325576782,0.78570955991745,0.8835827708244324,1.4669581651687622,
c15,Davidsson 2020 compound 15,CCOc1cc(Cl)c(C(=O)NC(=O)Nc2nc3ccccc3s2)cc1N1CCOCC1,299.0,,40e504f8-cc7e-4d4c-86c7-12bfa02a696c,https://biolib.corp.novocorp.net/results/40e504f8-cc7e-4d4c-86c7-12bfa02a696c/,0,-0.3946388363838196,0.508487343788147,0.8492499589920044,0.9666094183921814,0.635536789894104,
c16,Davidsson 2020 compound 16,CCOc1cc(Cl)c(C(=O)NC(=O)Nc2nc(-c3ccccc3)cs2)cc1N1CCOCC1,103.0,,0b0f9e5c-42b9-4d07-a45c-e4bd7ae05fcf,https://biolib.corp.novocorp.net/results/0b0f9e5c-42b9-4d07-a45c-e4bd7ae05fcf/,0,-0.8289814591407776,0.47307759523391724,0.8409952521324158,0.9212877154350281,1.1479878425598145,
c17,Davidsson 2020 compound 17,CCOc1cc(Cl)c(C(=O)NC(=O)Nc2cc3ccccc3s2)cc1N1CCOCC1,260.0,,73c78185-68f9-481a-bff1-250162c64be6,https://biolib.corp.novocorp.net/results/73c78185-68f9-481a-bff1-250162c64be6/,0,-1.0871710777282715,0.46117013692855835,0.8522117733955383,0.9700452089309692,0.6138410568237305,
c18,Davidsson 2020 compound 18,CCOc1cc(Cl)c(C(=O)NC(=O)Nc2ncc(C)s2)cc1N1CCOCC1,769.0,,7ed85d12-5f5b-4272-aa59-23322b7392b4,https://biolib.corp.novocorp.net/results/7ed85d12-5f5b-4272-aa59-23322b7392b4/,0,0.2522662878036499,0.22483889758586884,0.8595932126045227,0.9641595482826233,0.6886393427848816,
c19,Davidsson 2020 compound 19,CCOc1cc(Cl)c(C(=O)NC(=O)Nc2nc3c(s2)CCCC3)cc1N1CCOCC1,120.0,,fff6e956-0f81-47a5-bd00-9be0c9e30155,https://biolib.corp.novocorp.net/results/fff6e956-0f81-47a5-bd00-9be0c9e30155/,0,-0.6652357578277588,0.45034000277519226,0.8451268076896667,0.9435111880302429,0.9125341773033142,
c20,Davidsson 2020 compound 20,CCOc1cc(Cl)c(C(=O)NC(=O)Nc2nc3c(s2)CN(C(C)=O)CC3)cc1N1CCOCC1,719.0,,5e1cefee-f2ab-4bec-b876-d01d4d783baa,https://biolib.corp.novocorp.net/results/5e1cefee-f2ab-4bec-b876-d01d4d783baa/,0,0.18002216517925262,0.16966181993484497,0.8252758383750916,0.952404797077179,0.8420506715774536,
c21,Davidsson 2020 compound 21,CCOc1cc(Cl)c(C(=O)NC(=O)Nc2nc3c(s2)CN(C(=O)CO)CC3)cc1N1CCOCC1,895.0,,6654adb4-cd33-431d-a486-fa7635615264,https://biolib.corp.novocorp.net/results/6654adb4-cd33-431d-a486-fa7635615264/,0,-0.08955026417970657,0.1433766782283783,0.8488157391548157,0.9599958062171936,0.7381581664085388,
c22,Davidsson 2020 compound 22,CCOc1cc(Cl)c(C(=O)NC(=O)Nc2nc3ccc(S(=O)(=O)C4CCN(C)CC4)cc3s2)cc1N1CCOCC1,166.0,,adf50269-a63c-43a3-b449-16e4841a8587,https://biolib.corp.novocorp.net/results/adf50269-a63c-43a3-b449-16e4841a8587/,0,-0.6928560733795166,0.2093033492565155,0.824266254901886,0.9033724665641785,1.451306939125061,
c23,Davidsson 2020 compound 23,CCOc1cc(Cl)c(C(=O)N(C)C(=O)Nc2nc3ccc(CN4CCN(C)CC4)cc3s2)cc1N1CCOCC1,16000.0,,ba17fa96-ebc6-455b-a800-0ddee8618c11,https://biolib.corp.novocorp.net/results/ba17fa96-ebc6-455b-a800-0ddee8618c11/,0,0.26787126064300537,0.21081729233264923,0.8524350523948669,0.9668279886245728,0.7763746380805969,
c25,Davidsson 2020 compound 25,CCOc1cc(Cl)c(NC(=O)Nc2nc3ccc(CN4CCN(C)CC4)cc3s2)cc1N1CCOCC1,33000.0,,bb113073-6085-4c04-bd58-03ad41bbdefe,https://biolib.corp.novocorp.net/results/bb113073-6085-4c04-bd58-03ad41bbdefe/,0,1.4220908880233765,0.23047155141830444,0.7566725611686707,0.7933406829833984,2.4726006984710693,
c24,Davidsson 2020 compound 24,CCOc1cc(Cl)c(CNC(=O)Nc2nc3ccc(CN4CCN(C)CC4)cc3s2)cc1N1CCOCC1,33000.0,,c7c5c677-ff76-4cf5-aadf-37f74fee41e3,https://biolib.corp.novocorp.net/results/c7c5c677-ff76-4cf5-aadf-37f74fee41e3/,0,1.0542030334472656,0.08642007410526276,0.8127569556236267,0.9175339937210083,1.0782811641693115,
c26,Davidsson 2020 compound 26,CCOc1cc(Cl)cc(N2CCOCC2)c1-c1cc(-c2nc3ccccc3s2)c(=O)[nH]c1,21.0,,4032382e-608d-4dd7-8f7b-2fa7aeb06d57,https://biolib.corp.novocorp.net/results/4032382e-608d-4dd7-8f7b-2fa7aeb06d57/,0,-0.41798675060272217,0.1033528596162796,0.8454422354698181,0.96531081199646,0.7264185547828674,
c27,Davidsson 2020 compound 27,CCOc1cc(Cl)cc(N2CCOCC2)c1-c1cnc(-c2nc3ccccc3s2)[nH]c1=O,490.0,,219c42a8-8838-4885-a244-dd79530ac400,https://biolib.corp.novocorp.net/results/219c42a8-8838-4885-a244-dd79530ac400/,0,-0.12237751483917236,0.34993281960487366,0.8468295931816101,0.9540932178497314,0.8175799250602722,
c28,Davidsson 2020 compound 28,CCOc1cc(Cl)cc(N2CCOCC2)c1-c1cc(-c2nc3c(s2)CN(C(=O)CO)CC3)c(=O)[nH]c1,22.0,,ce8ab0cd-640f-4a8f-86b1-e789949545ef,https://biolib.corp.novocorp.net/results/ce8ab0cd-640f-4a8f-86b1-e789949545ef/,0,-0.31687605381011963,0.03532186523079872,0.8043130040168762,0.9560783505439758,0.7733527421951294,
c29,Davidsson 2020 compound 29,CCOc1cc(Cl)cc(N2CCOCC2)c1-c1cc(-c2nc3c(s2)CN(C(=O)COC)CC3)c(=O)[nH]c1,75.0,,74beeb54-ef3b-4f38-842b-dfb9e255d496,https://biolib.corp.novocorp.net/results/74beeb54-ef3b-4f38-842b-dfb9e255d496/,0,-0.2995544373989105,0.019678452983498573,0.7896341681480408,0.8646297454833984,1.7571122646331787,
c30,Davidsson 2020 compound 30,CCOc1cc(Cl)cc(N2CCOCC2)c1-c1cc(-c2nc3ccc(S(=O)(=O)C4CCN(C)CC4)cc3s2)c(=O)[nH]c1,5.0,,b82bad69-9d33-449e-854f-3d045dd25dbe,https://biolib.corp.novocorp.net/results/b82bad69-9d33-449e-854f-3d045dd25dbe/,0,-0.03818276524543762,0.014422238804399967,0.7400456666946411,0.7986050844192505,2.7313921451568604,
c31,Davidsson 2020 compound 31,CCOc1cc(Cl)cc(N2CCOCC2)c1-c1cnc(-c2nc3ccc(S(=O)(=O)C4CCN(C)CC4)cc3s2)[nH]c1=O,240.0,,88d96eea-705c-4ddc-b9c4-3d4689a30201,https://biolib.corp.novocorp.net/results/88d96eea-705c-4ddc-b9c4-3d4689a30201/,0,-1.0121078491210938,0.07613004744052887,0.7896556258201599,0.9530044794082642,0.8645972609519958,
c32,Davidsson 2020 compound 32,CCOc1cc(Cl)c(C(=O)Nc2nc3ccc(CN4CCN(C)CC4)cc3s2)cc1N1CCOCC1,410.0,,cae65055-9a6f-4694-9f2c-0ee750e886da,https://biolib.corp.novocorp.net/results/cae65055-9a6f-4694-9f2c-0ee750e886da/,0,0.2944355010986328,0.2266169786453247,0.822003185749054,0.9050946235656738,1.3662184476852417,
c34,Davidsson 2020 compound 34,CCOc1cc(Cl)c(C(=O)Nc2nc3ccc(OC4CCN(C)CC4)cc3s2)cc1N1CCOCC1,110.0,,0af84a27-dd92-4919-97a4-1202702ccde3,https://biolib.corp.novocorp.net/results/0af84a27-dd92-4919-97a4-1202702ccde3/,0,-0.6019154787063599,0.19117212295532227,0.8496152758598328,0.937271773815155,1.059414267539978,
c33,Davidsson 2020 compound 33,CCOc1cc(Cl)c(C(=O)Nc2nc3ccc(S(=O)(=O)C4CCN(C)CC4)cc3s2)cc1N1CCOCC1,740.0,,8308ed73-45e7-432a-8593-3265aa6aee63,https://biolib.corp.novocorp.net/results/8308ed73-45e7-432a-8593-3265aa6aee63/,0,-0.202755868434906,0.1253541111946106,0.7536635994911194,0.7984786629676819,3.5250630378723145,
c35,Davidsson 2020 compound 35,CCOc1cc(Cl)c(C(=O)Nc2nc3ccc(S(=O)(=O)CCCN4CCN(C)CC4)cc3s2)cc1N1CCOCC1,600.0,,e251d5e7-d48d-41fd-a9a7-f4ee07efaa13,https://biolib.corp.novocorp.net/results/e251d5e7-d48d-41fd-a9a7-f4ee07efaa13/,0,0.43638888001441956,0.5488600730895996,0.7733954787254333,0.8463221788406372,3.2804691791534424,
c37,Davidsson 2020 compound 37,CCOc1cc(Cl)c(C(=O)Nc2nc3ccc(S(=O)(=O)CCCN4CCN(C)CC4)cc3s2)cc1N1C[C@H](C)O[C@@H](C)C1,350.0,,2fd1a869-ad9c-484a-bdbe-ab4547d5cf8e,https://biolib.corp.novocorp.net/results/2fd1a869-ad9c-484a-bdbe-ab4547d5cf8e/,0,0.12188655138015747,0.13466809689998627,0.8486250042915344,0.9453911781311035,0.960884153842926,
c36,Davidsson 2020 compound 36,CCOc1cc(Cl)c(C(=O)Nc2nc3ccc(S(=O)(=O)CCCN4CCN(C)CC4)cc3s2)cc1N1CCO[C@H](C)C1,160.0,,7c2575ba-aa16-4fa8-a18f-521dbb634741,https://biolib.corp.novocorp.net/results/7c2575ba-aa16-4fa8-a18f-521dbb634741/,0,-0.7542540431022644,0.09772667288780212,0.7507807016372681,0.7432280778884888,4.907737731933594,
c38,Davidsson 2020 compound 38,CCOc1cc(Cl)c(C(=O)Nc2nc3ccc(S(=O)(=O)CCCN4CCN(C)CC4)cc3s2)cc1N1C[C@@H](C)O[C@@H](C)C1,54.0,,eb4e97ee-851f-4a50-8482-fd622abf7dfd,https://biolib.corp.novocorp.net/results/eb4e97ee-851f-4a50-8482-fd622abf7dfd/,0,0.10347974300384521,0.1401335746049881,0.8264193534851074,0.8910433053970337,1.7516953945159912,
c39,Davidsson 2020 compound 39,CCOc1cc(Cl)c(C(=O)Nc2nc3ccccc3s2)cc1N1CCOCC1,1900.0,,8d5283a6-cf79-4596-b28e-5845c5456d5c,https://biolib.corp.novocorp.net/results/8d5283a6-cf79-4596-b28e-5845c5456d5c/,0,0.48979318141937256,0.23254644870758057,0.8404688239097595,0.9544786810874939,0.8562127351760864,
t02,GPR81_agonist_1,CC1CCC(CC1)C(=O)NC2=NC(=C(S2)CC(=O)N3CCN(CC3)C)C4=CC=CS4,50.0,,3a596aaa-e4ed-4283-8c5a-08d3c53b6d57,https://biolib.corp.novocorp.net/results/3a596aaa-e4ed-4283-8c5a-08d3c53b6d57/,0,-1.0469776391983032,0.5859662890434265,0.8452416658401489,0.970784068107605,0.7673342823982239,
t01,AZ1_GPR81_agonist_2,CCOC1=C(C=C(C(=C1)Cl)C(=O)NC(=O)NC2=NC3=C(S2)C=C(C=C3)S(=O)(=O)C4CCN(CC4)C)N5C=CC=N5,23.0,,698eb691-9d5b-4126-9832-889f41de84a4,https://biolib.corp.novocorp.net/results/698eb691-9d5b-4126-9832-889f41de84a4/,0,-1.297473430633545,0.386328786611557,0.8081538081169128,0.8827236294746399,1.6750457286834717,
t05,3_OBA,CC(CC(=O)O)O,,,21b91a08-5d00-4104-aca6-efe48e674d62,https://biolib.corp.novocorp.net/results/21b91a08-5d00-4104-aca6-efe48e674d62/,0,0.8072754144668579,0.30488234758377075,0.8693861365318298,0.9510743021965027,0.8001580834388733,
t03,CHBA,C1=C(C=C(C=C1O)Cl)C(=O)O,,,2683f69d-b9ae-4c34-b7df-6af1b8ab90fc,https://biolib.corp.novocorp.net/results/2683f69d-b9ae-4c34-b7df-6af1b8ab90fc/,0,0.41947540640830994,0.3764955401420593,0.8617486357688904,0.9618303179740906,0.6529102325439453,
t04,3_5_DHBA,C1=C(C=C(C=C1O)O)C(=O)O,,,0d7e618a-93df-4895-b6e4-a345dbc517e1,https://biolib.corp.novocorp.net/results/0d7e618a-93df-4895-b6e4-a345dbc517e1/,0,1.3872740268707275,0.3882133662700653,0.8252784013748169,0.9673018455505371,0.5912222862243652,
lac,L-lactate (endogenous ligand),C[C@H](O)C(=O)O,,,71048886-b16b-4eb0-9442-1b908bb6d98a,https://biolib.corp.novocorp.net/results/71048886-b16b-4eb0-9442-1b908bb6d98a/,0,1.5110069513320923,0.4525619149208069,0.8416752219200134,0.9228970408439636,1.1659801006317139,
