pair_id,entry_id,name,series,receptor,role,smiles,best_score_kcal_mol,protocol,region,pose_centroid_to_cocrystal_A,n_polar_contacts,polar_contacts,n_hydrophobic_contacts,hydrophobic_residues,ec50_nM,emax_pct,gpr109a_fold,ghsr_fold,lle,best_pose_file,_pose_files
c01_8Z8A,c01,Davidsson 2020 compound 1,acyl_urea,8Z8A,paper series,CCOc1cc(Cl)c(C(=O)NC(=O)Nc2nc3ccc(S(=O)(=O)C4CCN(C)CC4)cc3s2)cc1-n1cccn1,-5.283,"phase6: 24A box, 2 seeds x ex16 x 5 poses",MIXED,9.6,4,GLU153OE1-O 2.7A; ARG99NH2-O 3.1A; HIS177ND1-O 3.3A; HIS177NE2-N 3.4A,49,149; 150; 155; 167; 168; 170; 177; 180; 181; 6; 92; 95; 96; 99,23.0,,5.3,0.3,4.6,/das/user/QYJI/druggability/data/gpr81_phase1/phase6_full_series/poses/c01_8Z8A_seed1.pdbqt,"['/das/user/QYJI/druggability/data/gpr81_phase1/phase6_full_series/poses/c01_8Z8A_seed1.pdbqt', '/das/user/QYJI/druggability/data/gpr81_phase1/phase6_full_series/poses/c01_8Z8A_seed20260803.pdbqt']"
c02_8Z8A,c02,Davidsson 2020 compound 2,acyl_urea,8Z8A,paper series,CCOc1cc(Cl)c(C(=O)NC(=O)Nc2nc3ccc(CN4CCN(C)CC4)cc3s2)cc1N1CCOCC1,-4.097,"phase6: 24A box, 2 seeds x ex16 x 5 poses",TM56_EXTRACELLULAR,9.44,7,GLU153OE1-O 2.7A; HIS155ND1-O 3.0A; ASN174ND2-O 3.0A; HIS177NE2-N 3.2A; SER167O-O 3.2A; ASN174OD1-O 3.2A; GLU184OE1-N 3.4A,47,100; 150; 155; 157; 167; 168; 170; 174; 177; 180; 184; 92; 96,74.0,,29,1.3,4.2,/das/user/QYJI/druggability/data/gpr81_phase1/phase6_full_series/poses/c02_8Z8A_seed20260803.pdbqt,"['/das/user/QYJI/druggability/data/gpr81_phase1/phase6_full_series/poses/c02_8Z8A_seed1.pdbqt', '/das/user/QYJI/druggability/data/gpr81_phase1/phase6_full_series/poses/c02_8Z8A_seed20260803.pdbqt']"
c03_8Z8A,c03,Davidsson 2020 compound 3,acyl_urea,8Z8A,paper series,CCOc1cc(C)c(C(=O)NC(=O)Nc2nc3ccc(CN4CCN(C)CC4)cc3s2)cc1N1CCOCC1,-5.13,"phase6: 24A box, 2 seeds x ex16 x 5 poses",TM56_EXTRACELLULAR,11.89,8,GLU153OE1-O 2.8A; MET170O-N 3.0A; GLU166O-O 3.0A; HIS155ND1-O 3.0A; CYS6N-N 3.0A; GLU153OE2-O 3.0A; ARG79NH2-N 3.4A; GLU166OE1-N 3.4A,32,149; 153; 155; 164; 166; 167; 170; 174; 6; 7; 79; 9,3.7,,,,,/das/user/QYJI/druggability/data/gpr81_phase1/phase6_full_series/poses/c03_8Z8A_seed1.pdbqt,"['/das/user/QYJI/druggability/data/gpr81_phase1/phase6_full_series/poses/c03_8Z8A_seed1.pdbqt', '/das/user/QYJI/druggability/data/gpr81_phase1/phase6_full_series/poses/c03_8Z8A_seed20260803.pdbqt']"
c04_8Z8A,c04,Davidsson 2020 compound 4,acyl_urea,8Z8A,paper series,CCOc1cc(C(F)(F)F)c(C(=O)NC(=O)Nc2nc3ccc(CN4CCN(C)CC4)cc3s2)cc1N1CCOCC1,-2.985,"phase6: 24A box, 2 seeds x ex16 x 5 poses",TM56_EXTRACELLULAR,10.94,4,CYS6N-O 2.7A; GLU153OE1-O 2.9A; HIS155ND1-N 3.2A; TYR149OH-N 3.4A,56,149; 150; 155; 157; 167; 168; 170; 177; 180; 181; 184; 6; 96; 99,1.4,,,,,/das/user/QYJI/druggability/data/gpr81_phase1/phase6_full_series/poses/c04_8Z8A_seed20260803.pdbqt,"['/das/user/QYJI/druggability/data/gpr81_phase1/phase6_full_series/poses/c04_8Z8A_seed1.pdbqt', '/das/user/QYJI/druggability/data/gpr81_phase1/phase6_full_series/poses/c04_8Z8A_seed20260803.pdbqt']"
c05_8Z8A,c05,Davidsson 2020 compound 5,acyl_urea,8Z8A,paper series,CCOc1cc(C(=O)NC(=O)Nc2nc3ccc(CN4CCN(C)CC4)cc3s2)cc(N2CCOCC2)c1,-5.602,"phase6: 24A box, 2 seeds x ex16 x 5 poses",ORTHO_POCKET,8.93,5,GLU184OE2-O 2.8A; GLU184OE1-O 2.9A; SER167OG-O 2.9A; GLU153OE1-O 3.0A; TYR149OH-O 3.1A,44,149; 150; 153; 155; 167; 168; 177; 180; 181; 184; 92; 95; 96; 99,0.74,47,,,,/das/user/QYJI/druggability/data/gpr81_phase1/phase6_full_series/poses/c05_8Z8A_seed1.pdbqt,"['/das/user/QYJI/druggability/data/gpr81_phase1/phase6_full_series/poses/c05_8Z8A_seed1.pdbqt', '/das/user/QYJI/druggability/data/gpr81_phase1/phase6_full_series/poses/c05_8Z8A_seed20260803.pdbqt']"
c06_8Z8A,c06,Davidsson 2020 compound 6,acyl_urea,8Z8A,paper series,Cc1cc(Cl)c(C(=O)NC(=O)Nc2nc3ccc(S(=O)(=O)C4CCN(C)CC4)cc3s2)cc1-n1cccn1,-4.443,"phase6: 24A box, 2 seeds x ex16 x 5 poses",TM56_EXTRACELLULAR,10.38,6,GLU153OE1-O 2.7A; ASN174ND2-O 3.0A; ARG99NH2-N 3.0A; HIS177ND1-O 3.1A; HIS177NE2-N 3.4A; GLU153OE2-O 3.5A,48,150; 153; 155; 167; 168; 170; 171; 177; 180; 92; 96; 99,6.1000000000000005,70,,,,/das/user/QYJI/druggability/data/gpr81_phase1/phase6_full_series/poses/c06_8Z8A_seed1.pdbqt,"['/das/user/QYJI/druggability/data/gpr81_phase1/phase6_full_series/poses/c06_8Z8A_seed1.pdbqt', '/das/user/QYJI/druggability/data/gpr81_phase1/phase6_full_series/poses/c06_8Z8A_seed20260803.pdbqt']"
c07_8Z8A,c07,Davidsson 2020 compound 7,acyl_urea,8Z8A,paper series,FC1=CC(Cl)=C(C(=O)NC(=O)Nc2nc3ccc(S(=O)(=O)C4CCN(C)CC4)cc3s2)C=C1-n1cccn1,-8.46,"phase6: 24A box, 2 seeds x ex16 x 5 poses",TM56_EXTRACELLULAR,12.23,6,SER164OG-N 2.9A; ASN154O-O 3.0A; HIS155O-N 3.2A; ILE169O-O 3.2A; GLU153OE1-N 3.4A; ASN174O-N 3.4A,26,153; 157; 164; 166; 169; 170; 174; 7; 9,3.6,70,,,,/das/user/QYJI/druggability/data/gpr81_phase1/phase6_full_series/poses/c07_8Z8A_seed20260803.pdbqt,"['/das/user/QYJI/druggability/data/gpr81_phase1/phase6_full_series/poses/c07_8Z8A_seed1.pdbqt', '/das/user/QYJI/druggability/data/gpr81_phase1/phase6_full_series/poses/c07_8Z8A_seed20260803.pdbqt']"
c08_8Z8A,c08,Davidsson 2020 compound 8,acyl_urea,8Z8A,paper series,Clc1cc(C(=O)NC(=O)Nc2nc3ccc(S(=O)(=O)C4CCN(C)CC4)cc3s2)cc(-n2cccn2)c1,-6.343,"phase6: 24A box, 2 seeds x ex16 x 5 poses",TM56_EXTRACELLULAR,9.44,7,SER167OG-N 2.8A; ARG99NH2-N 2.9A; GLU153OE1-O 3.1A; TYR149OH-O 3.1A; ASN154O-N 3.3A; HIS177NE2-O 3.4A; HIS155ND1-O 3.4A,40,149; 150; 154; 155; 167; 168; 170; 174; 177; 180; 92; 95; 96,7.0,74,,,,/das/user/QYJI/druggability/data/gpr81_phase1/phase6_full_series/poses/c08_8Z8A_seed1.pdbqt,"['/das/user/QYJI/druggability/data/gpr81_phase1/phase6_full_series/poses/c08_8Z8A_seed1.pdbqt', '/das/user/QYJI/druggability/data/gpr81_phase1/phase6_full_series/poses/c08_8Z8A_seed20260803.pdbqt']"
c09_8Z8A,c09,Davidsson 2020 compound 9,acyl_urea,8Z8A,paper series,CCOc1cc(Cl)c(C(=O)NC(=O)Nc2nc3ccc(CN4CCN(C)CC4)cc3s2)cc1N1CCOC(C)C1,-4.804,"phase6: 24A box, 2 seeds x ex16 x 5 poses",TM56_EXTRACELLULAR,10.63,4,GLU153OE2-O 3.0A; GLU153OE1-O 3.1A; ASN174O-O 3.2A; SER164OG-N 3.4A,58,149; 150; 153; 155; 157; 164; 166; 167; 170; 174; 177; 6; 7; 79; 8; 9,32.0,,,,,/das/user/QYJI/druggability/data/gpr81_phase1/phase6_full_series/poses/c09_8Z8A_seed20260803.pdbqt,"['/das/user/QYJI/druggability/data/gpr81_phase1/phase6_full_series/poses/c09_8Z8A_seed1.pdbqt', '/das/user/QYJI/druggability/data/gpr81_phase1/phase6_full_series/poses/c09_8Z8A_seed20260803.pdbqt']"
c10_8Z8A,c10,Davidsson 2020 compound 10,acyl_urea,8Z8A,paper series,CCOc1cc(Cl)c(C(=O)NC(=O)Nc2nc3ccc(CN4CCN(C)CC4)cc3s2)cc1N1CCCC1,-6.687,"phase6: 24A box, 2 seeds x ex16 x 5 poses",TM56_EXTRACELLULAR,11.87,7,GLU153OE1-O 2.7A; GLU166OE1-N 3.0A; CYS6N-N 3.1A; GLU153OE2-O 3.1A; MET170O-N 3.1A; SER164OG-N 3.4A; CYS7O-N 3.5A,26,149; 153; 155; 164; 166; 167; 170; 174; 6; 7; 8; 9,13.0,,,,,/das/user/QYJI/druggability/data/gpr81_phase1/phase6_full_series/poses/c10_8Z8A_seed20260803.pdbqt,"['/das/user/QYJI/druggability/data/gpr81_phase1/phase6_full_series/poses/c10_8Z8A_seed1.pdbqt', '/das/user/QYJI/druggability/data/gpr81_phase1/phase6_full_series/poses/c10_8Z8A_seed20260803.pdbqt']"
c11_8Z8A,c11,Davidsson 2020 compound 11,acyl_urea,8Z8A,paper series,CCOc1cc(Cl)c(C(=O)NC(=O)Nc2nc3ccc(CN4CCN(C)CC4)cc3s2)cc1-n1cccn1,-4.359,"phase6: 24A box, 2 seeds x ex16 x 5 poses",TM56_EXTRACELLULAR,9.84,8,GLU153OE1-O 2.7A; ARG99NH2-N 2.9A; ASN174ND2-O 3.0A; HIS177ND1-O 3.0A; LEU92O-O 3.2A; HIS177NE2-N 3.4A; ALA96N-O 3.4A; HIS155ND1-N 3.4A,48,150; 155; 167; 168; 177; 180; 92; 95; 96; 99,19.0,,,,,/das/user/QYJI/druggability/data/gpr81_phase1/phase6_full_series/poses/c11_8Z8A_seed20260803.pdbqt,"['/das/user/QYJI/druggability/data/gpr81_phase1/phase6_full_series/poses/c11_8Z8A_seed1.pdbqt', '/das/user/QYJI/druggability/data/gpr81_phase1/phase6_full_series/poses/c11_8Z8A_seed20260803.pdbqt']"
c12_8Z8A,c12,Davidsson 2020 compound 12,acyl_urea,8Z8A,paper series,CCOc1cc(Cl)c(C(=O)NC(=O)Nc2nc3ccc(CN4CCN(C)CC4)cc3s2)cc1-n1cccc1,-4.68,"phase6: 24A box, 2 seeds x ex16 x 5 poses",TM56_EXTRACELLULAR,9.72,6,GLU153OE1-O 2.7A; HIS177ND1-O 3.0A; ASN174ND2-O 3.2A; ARG99NH2-O 3.3A; CYS6N-N 3.3A; HIS177NE2-N 3.4A,51,149; 150; 153; 155; 167; 168; 177; 180; 181; 6; 92; 95; 96; 99,22.0,,,,,/das/user/QYJI/druggability/data/gpr81_phase1/phase6_full_series/poses/c12_8Z8A_seed1.pdbqt,"['/das/user/QYJI/druggability/data/gpr81_phase1/phase6_full_series/poses/c12_8Z8A_seed1.pdbqt', '/das/user/QYJI/druggability/data/gpr81_phase1/phase6_full_series/poses/c12_8Z8A_seed20260803.pdbqt']"
c13_8Z8A,c13,Davidsson 2020 compound 13,acyl_urea,8Z8A,paper series,CCOc1cc(Cl)c(C(=O)NC(=O)Nc2nc3ccc(CN4CCN(C)CC4)cc3s2)cc1-c1cn[nH]c1,-5.063,"phase6: 24A box, 2 seeds x ex16 x 5 poses",TM56_EXTRACELLULAR,9.79,7,GLU153OE1-N 2.7A; HIS155O-N 2.9A; MET170O-O 3.2A; HIS177NE2-N 3.3A; GLU153OE2-N 3.4A; HIS155ND1-N 3.4A; LEU156O-N 3.5A,52,149; 150; 155; 167; 168; 170; 171; 174; 177; 180; 181; 92; 96; 99,360.0,,,,,/das/user/QYJI/druggability/data/gpr81_phase1/phase6_full_series/poses/c13_8Z8A_seed20260803.pdbqt,"['/das/user/QYJI/druggability/data/gpr81_phase1/phase6_full_series/poses/c13_8Z8A_seed1.pdbqt', '/das/user/QYJI/druggability/data/gpr81_phase1/phase6_full_series/poses/c13_8Z8A_seed20260803.pdbqt']"
c14_8Z8A,c14,Davidsson 2020 compound 14,acyl_urea,8Z8A,paper series,CCOc1cc(Cl)c(C(=O)NC(=O)Nc2nc3ccc(CN4CCN(C)CC4)cc3s2)cc1,-7.376,"phase6: 24A box, 2 seeds x ex16 x 5 poses",TM56_EXTRACELLULAR,12.02,5,ILE169O-O 3.1A; MET170O-O 3.3A; CYS7O-O 3.3A; ILE9N-O 3.3A; GLU166O-S 3.5A,16,153; 157; 164; 169; 170; 174; 257; 7; 9,560.0,47,,,,/das/user/QYJI/druggability/data/gpr81_phase1/phase6_full_series/poses/c14_8Z8A_seed20260803.pdbqt,"['/das/user/QYJI/druggability/data/gpr81_phase1/phase6_full_series/poses/c14_8Z8A_seed1.pdbqt', '/das/user/QYJI/druggability/data/gpr81_phase1/phase6_full_series/poses/c14_8Z8A_seed20260803.pdbqt']"
c15_8Z8A,c15,Davidsson 2020 compound 15,acyl_urea,8Z8A,paper series,CCOc1cc(Cl)c(C(=O)NC(=O)Nc2nc3ccccc3s2)cc1N1CCOCC1,-8.202,"phase6: 24A box, 2 seeds x ex16 x 5 poses",TM56_EXTRACELLULAR,10.81,9,GLU153OE1-O 3.1A; GLU153OE2-O 3.1A; ASN174ND2-O 3.2A; GLU166O-N 3.2A; HIS155O-O 3.3A; GLU166OE1-N 3.3A; SER164OG-S 3.3A; ASN154O-O 3.4A,18,149; 153; 155; 166; 167; 169; 170; 174; 9,299.0,,25,1.3,,/das/user/QYJI/druggability/data/gpr81_phase1/phase6_full_series/poses/c15_8Z8A_seed20260803.pdbqt,"['/das/user/QYJI/druggability/data/gpr81_phase1/phase6_full_series/poses/c15_8Z8A_seed1.pdbqt', '/das/user/QYJI/druggability/data/gpr81_phase1/phase6_full_series/poses/c15_8Z8A_seed20260803.pdbqt']"
c16_8Z8A,c16,Davidsson 2020 compound 16,acyl_urea,8Z8A,paper series,CCOc1cc(Cl)c(C(=O)NC(=O)Nc2nc(-c3ccccc3)cs2)cc1N1CCOCC1,-7.353,"phase6: 24A box, 2 seeds x ex16 x 5 poses",TM56_EXTRACELLULAR,11.2,5,MET170O-S 3.0A; GLU153OE1-O 3.2A; GLU153OE2-O 3.3A; HIS155O-O 3.3A; ASN154O-O 3.3A,18,149; 155; 157; 164; 167; 170; 174; 7,103.0,,,,,/das/user/QYJI/druggability/data/gpr81_phase1/phase6_full_series/poses/c16_8Z8A_seed1.pdbqt,"['/das/user/QYJI/druggability/data/gpr81_phase1/phase6_full_series/poses/c16_8Z8A_seed1.pdbqt', '/das/user/QYJI/druggability/data/gpr81_phase1/phase6_full_series/poses/c16_8Z8A_seed20260803.pdbqt']"
c17_8Z8A,c17,Davidsson 2020 compound 17,acyl_urea,8Z8A,paper series,CCOc1cc(Cl)c(C(=O)NC(=O)Nc2cc3ccccc3s2)cc1N1CCOCC1,-8.15,"phase6: 24A box, 2 seeds x ex16 x 5 poses",TM56_EXTRACELLULAR,11.05,3,HIS155O-O 3.2A; ILE169O-S 3.3A; GLU166O-O 3.4A,22,149; 155; 157; 167; 170; 174; 257; 9,260.0,,,,,/das/user/QYJI/druggability/data/gpr81_phase1/phase6_full_series/poses/c17_8Z8A_seed1.pdbqt,"['/das/user/QYJI/druggability/data/gpr81_phase1/phase6_full_series/poses/c17_8Z8A_seed1.pdbqt', '/das/user/QYJI/druggability/data/gpr81_phase1/phase6_full_series/poses/c17_8Z8A_seed20260803.pdbqt']"
c18_8Z8A,c18,Davidsson 2020 compound 18,acyl_urea,8Z8A,paper series,CCOc1cc(Cl)c(C(=O)NC(=O)Nc2ncc(C)s2)cc1N1CCOCC1,-7.473,"phase6: 24A box, 2 seeds x ex16 x 5 poses",TM56_EXTRACELLULAR,11.56,4,ILE169O-N 3.1A; ASN174ND2-O 3.1A; HIS155O-O 3.2A; GLU153OE1-O 3.2A,12,153; 155; 157; 167; 169; 174; 9,769.0,,,,,/das/user/QYJI/druggability/data/gpr81_phase1/phase6_full_series/poses/c18_8Z8A_seed1.pdbqt,"['/das/user/QYJI/druggability/data/gpr81_phase1/phase6_full_series/poses/c18_8Z8A_seed1.pdbqt', '/das/user/QYJI/druggability/data/gpr81_phase1/phase6_full_series/poses/c18_8Z8A_seed20260803.pdbqt']"
c19_8Z8A,c19,Davidsson 2020 compound 19,acyl_urea,8Z8A,paper series,CCOc1cc(Cl)c(C(=O)NC(=O)Nc2nc3c(s2)CCCC3)cc1N1CCOCC1,-7.554,"phase6: 24A box, 2 seeds x ex16 x 5 poses",TM56_EXTRACELLULAR,12.15,5,MET170O-O 3.2A; CYS6N-O 3.2A; SER164OG-N 3.2A; ASN174ND2-O 3.4A; ILE169O-S 3.5A,17,157; 164; 167; 170; 174; 257; 6; 9,120.0,,,,,/das/user/QYJI/druggability/data/gpr81_phase1/phase6_full_series/poses/c19_8Z8A_seed1.pdbqt,"['/das/user/QYJI/druggability/data/gpr81_phase1/phase6_full_series/poses/c19_8Z8A_seed1.pdbqt', '/das/user/QYJI/druggability/data/gpr81_phase1/phase6_full_series/poses/c19_8Z8A_seed20260803.pdbqt']"
c20_8Z8A,c20,Davidsson 2020 compound 20,acyl_urea,8Z8A,paper series,CCOc1cc(Cl)c(C(=O)NC(=O)Nc2nc3c(s2)CN(C(C)=O)CC3)cc1N1CCOCC1,-6.722,"phase6: 24A box, 2 seeds x ex16 x 5 poses",TM56_EXTRACELLULAR,13.36,4,GLU166OE1-O 2.9A; SER164OG-O 3.0A; ASN154O-O 3.1A; GLU153OE1-O 3.1A,11,153; 157; 166; 170; 171; 174; 7; 9,719.0,,,,,/das/user/QYJI/druggability/data/gpr81_phase1/phase6_full_series/poses/c20_8Z8A_seed1.pdbqt,"['/das/user/QYJI/druggability/data/gpr81_phase1/phase6_full_series/poses/c20_8Z8A_seed1.pdbqt', '/das/user/QYJI/druggability/data/gpr81_phase1/phase6_full_series/poses/c20_8Z8A_seed20260803.pdbqt']"
c21_8Z8A,c21,Davidsson 2020 compound 21,acyl_urea,8Z8A,paper series,CCOc1cc(Cl)c(C(=O)NC(=O)Nc2nc3c(s2)CN(C(=O)CO)CC3)cc1N1CCOCC1,-6.781,"phase6: 24A box, 2 seeds x ex16 x 5 poses",TM56_EXTRACELLULAR,11.29,5,ASN154O-O 2.7A; ILE9N-O 2.8A; ARG79NH2-O 3.1A; GLU153OE2-O 3.4A; HIS155O-O 3.4A,19,149; 153; 155; 164; 166; 170; 174; 7; 9,895.0,,,,,/das/user/QYJI/druggability/data/gpr81_phase1/phase6_full_series/poses/c21_8Z8A_seed1.pdbqt,"['/das/user/QYJI/druggability/data/gpr81_phase1/phase6_full_series/poses/c21_8Z8A_seed1.pdbqt', '/das/user/QYJI/druggability/data/gpr81_phase1/phase6_full_series/poses/c21_8Z8A_seed20260803.pdbqt']"
c22_8Z8A,c22,Davidsson 2020 compound 22,acyl_urea,8Z8A,paper series,CCOc1cc(Cl)c(C(=O)NC(=O)Nc2nc3ccc(S(=O)(=O)C4CCN(C)CC4)cc3s2)cc1N1CCOCC1,-0.882,"phase6: 24A box, 2 seeds x ex16 x 5 poses",MIXED,10.01,6,GLU153OE1-O 2.4A; SER167O-S 2.7A; SER167OG-O 2.8A; GLU153OE2-O 3.1A; ASN174ND2-S 3.4A; GLU184OE1-N 3.5A,44,149; 150; 157; 167; 168; 174; 177; 180; 181; 184; 6; 96; 99,166.0,,,,,/das/user/QYJI/druggability/data/gpr81_phase1/phase6_full_series/poses/c22_8Z8A_seed1.pdbqt,"['/das/user/QYJI/druggability/data/gpr81_phase1/phase6_full_series/poses/c22_8Z8A_seed1.pdbqt', '/das/user/QYJI/druggability/data/gpr81_phase1/phase6_full_series/poses/c22_8Z8A_seed20260803.pdbqt']"
c23_8Z8A,c23,Davidsson 2020 compound 23,linker_variant,8Z8A,paper series,CCOc1cc(Cl)c(C(=O)N(C)C(=O)Nc2nc3ccc(CN4CCN(C)CC4)cc3s2)cc1N1CCOCC1,-6.963,"phase6: 24A box, 2 seeds x ex16 x 5 poses",TM56_EXTRACELLULAR,12.79,1,GLU153OE1-O 3.1A,21,153; 155; 157; 164; 166; 169; 170; 171; 174; 7; 9,16000.0,,,,,/das/user/QYJI/druggability/data/gpr81_phase1/phase6_full_series/poses/c23_8Z8A_seed20260803.pdbqt,"['/das/user/QYJI/druggability/data/gpr81_phase1/phase6_full_series/poses/c23_8Z8A_seed1.pdbqt', '/das/user/QYJI/druggability/data/gpr81_phase1/phase6_full_series/poses/c23_8Z8A_seed20260803.pdbqt']"
c24_8Z8A,c24,Davidsson 2020 compound 24,linker_variant,8Z8A,paper series,CCOc1cc(Cl)c(CNC(=O)Nc2nc3ccc(CN4CCN(C)CC4)cc3s2)cc1N1CCOCC1,-6.715,"phase6: 24A box, 2 seeds x ex16 x 5 poses",TM56_EXTRACELLULAR,12.81,2,ASN154O-N 3.1A; GLU166O-S 3.4A,20,153; 157; 164; 169; 170; 174; 6; 7; 79; 9,33000.0,,,,,/das/user/QYJI/druggability/data/gpr81_phase1/phase6_full_series/poses/c24_8Z8A_seed20260803.pdbqt,"['/das/user/QYJI/druggability/data/gpr81_phase1/phase6_full_series/poses/c24_8Z8A_seed1.pdbqt', '/das/user/QYJI/druggability/data/gpr81_phase1/phase6_full_series/poses/c24_8Z8A_seed20260803.pdbqt']"
c25_8Z8A,c25,Davidsson 2020 compound 25,linker_variant,8Z8A,paper series,CCOc1cc(Cl)c(NC(=O)Nc2nc3ccc(CN4CCN(C)CC4)cc3s2)cc1N1CCOCC1,-4.638,"phase6: 24A box, 2 seeds x ex16 x 5 poses",MIXED,9.51,8,ASN174ND2-O 2.9A; ARG99NH2-O 2.9A; GLU153OE1-N 3.1A; GLU184OE2-O 3.1A; SER167O-O 3.1A; ASN174O-N 3.3A; GLU184OE1-O 3.3A; GLU153OE2-N 3.4A,48,150; 155; 167; 168; 174; 177; 180; 181; 92; 95; 96,33000.0,,,,,/das/user/QYJI/druggability/data/gpr81_phase1/phase6_full_series/poses/c25_8Z8A_seed20260803.pdbqt,"['/das/user/QYJI/druggability/data/gpr81_phase1/phase6_full_series/poses/c25_8Z8A_seed1.pdbqt', '/das/user/QYJI/druggability/data/gpr81_phase1/phase6_full_series/poses/c25_8Z8A_seed20260803.pdbqt']"
c26_8Z8A,c26,Davidsson 2020 compound 26,constrained_analogue_cyclic,8Z8A,paper series,CCOc1cc(Cl)cc(N2CCOCC2)c1-c1cc(-c2nc3ccccc3s2)c(=O)[nH]c1,-7.183,"phase6: 24A box, 2 seeds x ex16 x 5 poses",TM56_EXTRACELLULAR,12.47,3,ASN154O-N 2.9A; HIS155O-O 3.3A; MET170O-N 3.5A,21,155; 167; 170; 171; 174; 6; 7,21.0,,29,62,3.9,/das/user/QYJI/druggability/data/gpr81_phase1/phase6_full_series/poses/c26_8Z8A_seed20260803.pdbqt,"['/das/user/QYJI/druggability/data/gpr81_phase1/phase6_full_series/poses/c26_8Z8A_seed1.pdbqt', '/das/user/QYJI/druggability/data/gpr81_phase1/phase6_full_series/poses/c26_8Z8A_seed20260803.pdbqt']"
c27_8Z8A,c27,Davidsson 2020 compound 27,constrained_analogue_cyclic,8Z8A,paper series,CCOc1cc(Cl)cc(N2CCOCC2)c1-c1cnc(-c2nc3ccccc3s2)[nH]c1=O,-6.577,"phase6: 24A box, 2 seeds x ex16 x 5 poses",TM56_EXTRACELLULAR,12.38,3,ILE169O-S 3.2A; MET170O-O 3.2A; SER167O-O 3.5A,18,155; 157; 166; 167; 169; 170; 174; 257; 9,490.0,,45,11,2.4,/das/user/QYJI/druggability/data/gpr81_phase1/phase6_full_series/poses/c27_8Z8A_seed20260803.pdbqt,"['/das/user/QYJI/druggability/data/gpr81_phase1/phase6_full_series/poses/c27_8Z8A_seed1.pdbqt', '/das/user/QYJI/druggability/data/gpr81_phase1/phase6_full_series/poses/c27_8Z8A_seed20260803.pdbqt']"
c28_8Z8A,c28,Davidsson 2020 compound 28,constrained_analogue_cyclic,8Z8A,paper series,CCOc1cc(Cl)cc(N2CCOCC2)c1-c1cc(-c2nc3c(s2)CN(C(=O)CO)CC3)c(=O)[nH]c1,-7.443,"phase6: 24A box, 2 seeds x ex16 x 5 poses",TM56_EXTRACELLULAR,12.87,8,CYS7O-O 2.9A; GLU166OE1-O 2.9A; ILE9N-O 3.0A; ASN154O-N 3.0A; HIS155O-O 3.1A; LEU156O-O 3.4A; MET170O-N 3.5A; ARG8N-O 3.5A,13,157; 167; 170; 174; 6; 7,22.0,,41,82,5.3,/das/user/QYJI/druggability/data/gpr81_phase1/phase6_full_series/poses/c28_8Z8A_seed1.pdbqt,"['/das/user/QYJI/druggability/data/gpr81_phase1/phase6_full_series/poses/c28_8Z8A_seed1.pdbqt', '/das/user/QYJI/druggability/data/gpr81_phase1/phase6_full_series/poses/c28_8Z8A_seed20260803.pdbqt']"
c29_8Z8A,c29,Davidsson 2020 compound 29,constrained_analogue_cyclic,8Z8A,paper series,CCOc1cc(Cl)cc(N2CCOCC2)c1-c1cc(-c2nc3c(s2)CN(C(=O)COC)CC3)c(=O)[nH]c1,-7.749,"phase6: 24A box, 2 seeds x ex16 x 5 poses",TM56_EXTRACELLULAR,12.05,5,GLU166OE1-O 2.8A; ASN154O-N 3.0A; SER164OG-O 3.0A; HIS155O-O 3.1A; MET170O-N 3.4A,27,153; 157; 167; 170; 171; 174; 6; 7; 9,75.0,,25,667,4.5,/das/user/QYJI/druggability/data/gpr81_phase1/phase6_full_series/poses/c29_8Z8A_seed1.pdbqt,"['/das/user/QYJI/druggability/data/gpr81_phase1/phase6_full_series/poses/c29_8Z8A_seed1.pdbqt', '/das/user/QYJI/druggability/data/gpr81_phase1/phase6_full_series/poses/c29_8Z8A_seed20260803.pdbqt']"
c30_8Z8A,c30,Davidsson 2020 compound 30,constrained_analogue_cyclic,8Z8A,paper series,CCOc1cc(Cl)cc(N2CCOCC2)c1-c1cc(-c2nc3ccc(S(=O)(=O)C4CCN(C)CC4)cc3s2)c(=O)[nH]c1,-5.811,"phase6: 24A box, 2 seeds x ex16 x 5 poses",TM56_EXTRACELLULAR,12.15,6,CYS7O-O 2.6A; GLU166OE1-O 2.7A; SER164OG-O 3.0A; ASN154O-N 3.0A; ILE169O-N 3.2A; CYS7N-O 3.4A,40,153; 157; 164; 166; 169; 170; 173; 174; 257; 7; 9,5.0,,7.4,,,/das/user/QYJI/druggability/data/gpr81_phase1/phase6_full_series/poses/c30_8Z8A_seed1.pdbqt,"['/das/user/QYJI/druggability/data/gpr81_phase1/phase6_full_series/poses/c30_8Z8A_seed1.pdbqt', '/das/user/QYJI/druggability/data/gpr81_phase1/phase6_full_series/poses/c30_8Z8A_seed20260803.pdbqt']"
c31_8Z8A,c31,Davidsson 2020 compound 31,constrained_analogue_cyclic,8Z8A,paper series,CCOc1cc(Cl)cc(N2CCOCC2)c1-c1cnc(-c2nc3ccc(S(=O)(=O)C4CCN(C)CC4)cc3s2)[nH]c1=O,-2.832,"phase6: 24A box, 2 seeds x ex16 x 5 poses",TM56_EXTRACELLULAR,10.84,3,SER167OG-O 2.7A; GLU153OE1-N 2.9A; SER167O-S 3.4A,45,149; 150; 157; 167; 168; 170; 174; 177; 180; 184; 96; 99,240.0,,6,,,/das/user/QYJI/druggability/data/gpr81_phase1/phase6_full_series/poses/c31_8Z8A_seed1.pdbqt,"['/das/user/QYJI/druggability/data/gpr81_phase1/phase6_full_series/poses/c31_8Z8A_seed1.pdbqt', '/das/user/QYJI/druggability/data/gpr81_phase1/phase6_full_series/poses/c31_8Z8A_seed20260803.pdbqt']"
c32_8Z8A,c32,Davidsson 2020 compound 32,amide,8Z8A,paper series,CCOc1cc(Cl)c(C(=O)Nc2nc3ccc(CN4CCN(C)CC4)cc3s2)cc1N1CCOCC1,-4.236,"phase6: 24A box, 2 seeds x ex16 x 5 poses",TM56_EXTRACELLULAR,10.68,5,GLU153OE1-O 2.8A; HIS177NE2-N 3.1A; LEU156O-O 3.3A; SER167O-S 3.5A; HIS155ND1-S 3.5A,48,149; 150; 157; 167; 168; 174; 177; 180; 96; 99,410.0,,27,122,,/das/user/QYJI/druggability/data/gpr81_phase1/phase6_full_series/poses/c32_8Z8A_seed1.pdbqt,"['/das/user/QYJI/druggability/data/gpr81_phase1/phase6_full_series/poses/c32_8Z8A_seed1.pdbqt', '/das/user/QYJI/druggability/data/gpr81_phase1/phase6_full_series/poses/c32_8Z8A_seed20260803.pdbqt']"
c33_8Z8A,c33,Davidsson 2020 compound 33,amide,8Z8A,paper series,CCOc1cc(Cl)c(C(=O)Nc2nc3ccc(S(=O)(=O)C4CCN(C)CC4)cc3s2)cc1N1CCOCC1,-3.413,"phase6: 24A box, 2 seeds x ex16 x 5 poses",ORTHO_POCKET,9.44,6,HIS177NE2-N 3.1A; GLU184OE2-O 3.3A; GLU153OE1-N 3.3A; LEU92O-O 3.4A; SER167O-S 3.4A; ARG99NH2-O 3.5A,56,150; 153; 155; 167; 168; 170; 174; 177; 180; 181; 92; 95; 96; 99,740.0,,12,68,,/das/user/QYJI/druggability/data/gpr81_phase1/phase6_full_series/poses/c33_8Z8A_seed1.pdbqt,"['/das/user/QYJI/druggability/data/gpr81_phase1/phase6_full_series/poses/c33_8Z8A_seed1.pdbqt', '/das/user/QYJI/druggability/data/gpr81_phase1/phase6_full_series/poses/c33_8Z8A_seed20260803.pdbqt']"
c34_8Z8A,c34,Davidsson 2020 compound 34,amide,8Z8A,paper series,CCOc1cc(Cl)c(C(=O)Nc2nc3ccc(OC4CCN(C)CC4)cc3s2)cc1N1CCOCC1,-5.805,"phase6: 24A box, 2 seeds x ex16 x 5 poses",TM56_EXTRACELLULAR,9.77,5,TYR149OH-O 2.8A; HIS155ND1-N 2.8A; GLU153OE1-O 3.0A; HIS177NE2-O 3.2A; ASN154O-O 3.5A,50,149; 150; 155; 157; 167; 168; 170; 177; 180; 181; 6; 92; 96; 99,110.0,,15,273,,/das/user/QYJI/druggability/data/gpr81_phase1/phase6_full_series/poses/c34_8Z8A_seed20260803.pdbqt,"['/das/user/QYJI/druggability/data/gpr81_phase1/phase6_full_series/poses/c34_8Z8A_seed1.pdbqt', '/das/user/QYJI/druggability/data/gpr81_phase1/phase6_full_series/poses/c34_8Z8A_seed20260803.pdbqt']"
c35_8Z8A,c35,Davidsson 2020 compound 35,amide,8Z8A,paper series,CCOc1cc(Cl)c(C(=O)Nc2nc3ccc(S(=O)(=O)CCCN4CCN(C)CC4)cc3s2)cc1N1CCOCC1,-5.189,"phase6: 24A box, 2 seeds x ex16 x 5 poses",ORTHO_POCKET,9.32,6,SER167OG-N 2.8A; HIS177NE2-O 2.9A; GLU153OE1-N 3.1A; TYR268OH-N 3.1A; HIS155ND1-S 3.3A; ASN174OD1-O 3.4A,45,149; 150; 155; 156; 167; 168; 177; 264; 71; 92; 95; 96; 99,600.0,,11,83,,/das/user/QYJI/druggability/data/gpr81_phase1/phase6_full_series/poses/c35_8Z8A_seed1.pdbqt,"['/das/user/QYJI/druggability/data/gpr81_phase1/phase6_full_series/poses/c35_8Z8A_seed1.pdbqt', '/das/user/QYJI/druggability/data/gpr81_phase1/phase6_full_series/poses/c35_8Z8A_seed20260803.pdbqt']"
c36_8Z8A,c36,Davidsson 2020 compound 36,amide,8Z8A,paper series,CCOc1cc(Cl)c(C(=O)Nc2nc3ccc(S(=O)(=O)CCCN4CCN(C)CC4)cc3s2)cc1N1CCO[C@H](C)C1,-5.152,"phase6: 24A box, 2 seeds x ex16 x 5 poses",ORTHO_POCKET,9.66,6,HIS177NE2-O 2.9A; SER167OG-N 3.0A; GLU153OE1-N 3.1A; ARG99NH2-N 3.3A; ASN174OD1-O 3.3A; HIS155ND1-S 3.4A,40,149; 150; 155; 167; 168; 177; 264; 71; 92; 95; 96,160.0,,9,131,,/das/user/QYJI/druggability/data/gpr81_phase1/phase6_full_series/poses/c36_8Z8A_seed1.pdbqt,"['/das/user/QYJI/druggability/data/gpr81_phase1/phase6_full_series/poses/c36_8Z8A_seed1.pdbqt', '/das/user/QYJI/druggability/data/gpr81_phase1/phase6_full_series/poses/c36_8Z8A_seed20260803.pdbqt']"
c37_8Z8A,c37,Davidsson 2020 compound 37,amide,8Z8A,paper series,CCOc1cc(Cl)c(C(=O)Nc2nc3ccc(S(=O)(=O)CCCN4CCN(C)CC4)cc3s2)cc1N1C[C@H](C)O[C@@H](C)C1,-5.151,"phase6: 24A box, 2 seeds x ex16 x 5 poses",ORTHO_POCKET,9.35,7,HIS177NE2-O 2.5A; SER167OG-N 2.8A; GLU153OE1-N 3.0A; MET170O-O 3.0A; HIS155ND1-S 3.2A; CYS6N-O 3.2A; TYR149OH-O 3.2A,47,149; 150; 153; 155; 157; 167; 168; 171; 177; 264; 6; 71; 92; 95; 96; 99,350.0,,,,,/das/user/QYJI/druggability/data/gpr81_phase1/phase6_full_series/poses/c37_8Z8A_seed20260803.pdbqt,"['/das/user/QYJI/druggability/data/gpr81_phase1/phase6_full_series/poses/c37_8Z8A_seed1.pdbqt', '/das/user/QYJI/druggability/data/gpr81_phase1/phase6_full_series/poses/c37_8Z8A_seed20260803.pdbqt']"
c38_8Z8A,c38,Davidsson 2020 compound 38,amide,8Z8A,paper series,CCOc1cc(Cl)c(C(=O)Nc2nc3ccc(S(=O)(=O)CCCN4CCN(C)CC4)cc3s2)cc1N1C[C@@H](C)O[C@@H](C)C1,-4.491,"phase6: 24A box, 2 seeds x ex16 x 5 poses",ORTHO_POCKET,9.84,8,HIS177NE2-O 2.9A; GLU153OE2-O 3.0A; SER167OG-O 3.1A; SER167O-S 3.1A; ASN154O-O 3.1A; TYR268OH-N 3.2A; GLU153OE1-O 3.3A; ARG99NH2-N 3.3A,52,149; 150; 154; 156; 157; 167; 168; 174; 177; 264; 71; 92; 95; 96; 99,54.0,,10,500,,/das/user/QYJI/druggability/data/gpr81_phase1/phase6_full_series/poses/c38_8Z8A_seed1.pdbqt,"['/das/user/QYJI/druggability/data/gpr81_phase1/phase6_full_series/poses/c38_8Z8A_seed1.pdbqt', '/das/user/QYJI/druggability/data/gpr81_phase1/phase6_full_series/poses/c38_8Z8A_seed20260803.pdbqt']"
c39_8Z8A,c39,Davidsson 2020 compound 39,amide,8Z8A,paper series,CCOc1cc(Cl)c(C(=O)Nc2nc3ccccc3s2)cc1N1CCOCC1,-6.979,"phase6: 24A box, 2 seeds x ex16 x 5 poses",TM56_EXTRACELLULAR,11.26,4,HIS155O-O 3.1A; ASN174ND2-O 3.2A; GLU166O-O 3.2A; ILE169O-S 3.3A,17,155; 157; 167; 170; 174; 9,1900.0,,,,,/das/user/QYJI/druggability/data/gpr81_phase1/phase6_full_series/poses/c39_8Z8A_seed1.pdbqt,"['/das/user/QYJI/druggability/data/gpr81_phase1/phase6_full_series/poses/c39_8Z8A_seed1.pdbqt', '/das/user/QYJI/druggability/data/gpr81_phase1/phase6_full_series/poses/c39_8Z8A_seed20260803.pdbqt']"
t01_8Z8A,t01,AZ1_GPR81_agonist_2,lead/tool compound,8Z8A,lead table,CCOC1=C(C=C(C(=C1)Cl)C(=O)NC(=O)NC2=NC3=C(S2)C=C(C=C3)S(=O)(=O)C4CCN(CC4)C)N5C=CC=N5,-3.94,phase3: 5 poses,ORTHO_POCKET,9.85,5,ARG99NH2-O 2.9A; GLU153OE1-N 3.0A; HIS177NE2-N 3.3A; ASN174O-O 3.4A; ASN174ND2-N 3.5A,47,149; 150; 155; 167; 168; 174; 177; 180; 181; 92; 95; 96; 99,23.0,,,,,/das/user/QYJI/druggability/data/gpr81_phase1/phase3_docking/poses/8Z8A/AZ1_GPR81_agonist_2.pdbqt,['/das/user/QYJI/druggability/data/gpr81_phase1/phase3_docking/poses/8Z8A/AZ1_GPR81_agonist_2.pdbqt']
t02_8Z8A,t02,GPR81_agonist_1,lead/tool compound,8Z8A,lead table,CC1CCC(CC1)C(=O)NC2=NC(=C(S2)CC(=O)N3CCN(CC3)C)C4=CC=CS4,-7.73,phase3: 5 poses,TM56_EXTRACELLULAR,11.57,3,GLU166O-O 2.6A; GLU153OE1-N 2.8A; MET170O-N 3.3A,23,149; 153; 155; 157; 167; 170; 171; 174; 177; 7; 9,50.0,,,,,/das/user/QYJI/druggability/data/gpr81_phase1/phase3_docking/poses/8Z8A/GPR81_agonist_1.pdbqt,['/das/user/QYJI/druggability/data/gpr81_phase1/phase3_docking/poses/8Z8A/GPR81_agonist_1.pdbqt']
t03_8Z8A,t03,CHBA,lead/tool compound,8Z8A,lead table,C1=C(C=C(C=C1O)Cl)C(=O)O,-5.929,phase3: 5 poses,ORTHO_POCKET,2.76,5,HIS261O-O 2.9A; TYR75OH-O 2.9A; SER167OG-O 2.9A; TYR268OH-O 3.2A; HIS261ND1-O 3.2A,9,168; 169; 260; 261; 264,,,,,,/das/user/QYJI/druggability/data/gpr81_phase1/phase3_docking/poses/8Z8A/CHBA.pdbqt,['/das/user/QYJI/druggability/data/gpr81_phase1/phase3_docking/poses/8Z8A/CHBA.pdbqt']
t04_8Z8A,t04,3_5_DHBA,lead/tool compound,8Z8A,lead table,C1=C(C=C(C=C1O)O)C(=O)O,-6.28,phase3: 5 poses,ORTHO_POCKET,2.93,10,PHE168N-O 2.9A; ILE169N-O 2.9A; ARG71NE-O 3.1A; SER167N-O 3.1A; SER167OG-O 3.2A; TYR268OH-O 3.2A; LEU260O-O 3.2A; HIS261ND1-O 3.3A,8,168; 260; 261; 264,,,,,,/das/user/QYJI/druggability/data/gpr81_phase1/phase3_docking/poses/8Z8A/3_5_DHBA.pdbqt,['/das/user/QYJI/druggability/data/gpr81_phase1/phase3_docking/poses/8Z8A/3_5_DHBA.pdbqt']
t05_8Z8A,t05,3_OBA,lead/tool compound,8Z8A,lead table,CC(CC(=O)O)O,-4.638,phase3: 5 poses,ORTHO_POCKET,3.21,7,ARG71NH1-O 2.9A; PHE168N-O 3.0A; SER167N-O 3.1A; TYR75OH-O 3.1A; SER167OG-O 3.2A; ILE169N-O 3.3A; HIS261ND1-O 3.3A,3,168; 264,,,,,,/das/user/QYJI/druggability/data/gpr81_phase1/phase3_docking/poses/8Z8A/3_OBA.pdbqt,['/das/user/QYJI/druggability/data/gpr81_phase1/phase3_docking/poses/8Z8A/3_OBA.pdbqt']
lac_8Z8A,lac,L-lactate,endogenous,8Z8A,endogenous ligand,C[C@H](O)C(=O)O,-4.361,redock control (cognate 2OP box),ORTHO_POCKET,3.42,6,ARG71NH1-O 3.0A; PHE168N-O 3.0A; SER167OG-O 3.1A; SER167N-O 3.1A; TYR75OH-O 3.1A; HIS261ND1-O 3.3A,4,260; 261; 264,,,,,,/das/user/QYJI/druggability/data/gpr81_phase1/phase3_5_controls/poses/lactate_8Z8A.pdbqt,['/das/user/QYJI/druggability/data/gpr81_phase1/phase3_5_controls/poses/lactate_8Z8A.pdbqt']
lac_9KT9,lac,L-lactate,endogenous,9KT9,endogenous ligand (cross-structure),C[C@H](O)C(=O)O,-3.781,"tight-box 12A on 34D, ex32, 3 seeds (follow-up run)",ORTHO_POCKET,3.78,7,PHE168N-O 2.9A; TYR75OH-O 3.0A; ARG71NH2-O 3.1A; PHE168O-O 3.1A; SER167N-O 3.1A; HIS261NE2-O 3.3A; GLU166OE1-O 3.3A,7,166; 168; 261; 264,,,,,,/das/user/QYJI/druggability/data/gpr81_phase1/followup_2026-08/data/poses/lactate_9KT9_tight_seed2.pdbqt,"['/das/user/QYJI/druggability/data/gpr81_phase1/followup_2026-08/data/poses/lactate_9KT9_tight_seed20260803.pdbqt', '/das/user/QYJI/druggability/data/gpr81_phase1/followup_2026-08/data/poses/lactate_9KT9_tight_seed1.pdbqt', '/das/user/QYJI/druggability/data/gpr81_phase1/followup_2026-08/data/poses/lactate_9KT9_tight_seed2.pdbqt']"
