compound_id,receptor_id,pose_rank,score_kcal_mol,rmsd_lb,rmsd_ub,pose_file,error
AZ1_GPR81_agonist_2,8Z87,1,10.134,0.0,0.0,/das/user/QYJI/druggability/data/gpr81_phase1/phase3_docking/poses/8Z87/AZ1_GPR81_agonist_2.pdbqt,
GPR81_agonist_1,8Z87,1,-4.856,0.0,0.0,/das/user/QYJI/druggability/data/gpr81_phase1/phase3_docking/poses/8Z87/GPR81_agonist_1.pdbqt,
GPR81_agonist_1,8Z87,2,-1.93,1.93,2.861,/das/user/QYJI/druggability/data/gpr81_phase1/phase3_docking/poses/8Z87/GPR81_agonist_1.pdbqt,
CHBA,8Z87,1,-6.3,0.0,0.0,/das/user/QYJI/druggability/data/gpr81_phase1/phase3_docking/poses/8Z87/CHBA.pdbqt,
CHBA,8Z87,2,-6.091,2.668,3.998,/das/user/QYJI/druggability/data/gpr81_phase1/phase3_docking/poses/8Z87/CHBA.pdbqt,
CHBA,8Z87,3,-6.08,2.278,2.713,/das/user/QYJI/druggability/data/gpr81_phase1/phase3_docking/poses/8Z87/CHBA.pdbqt,
CHBA,8Z87,4,-5.991,1.289,3.504,/das/user/QYJI/druggability/data/gpr81_phase1/phase3_docking/poses/8Z87/CHBA.pdbqt,
CHBA,8Z87,5,-5.927,2.78,3.728,/das/user/QYJI/druggability/data/gpr81_phase1/phase3_docking/poses/8Z87/CHBA.pdbqt,
3_5_DHBA,8Z87,1,-6.443,0.0,0.0,/das/user/QYJI/druggability/data/gpr81_phase1/phase3_docking/poses/8Z87/3_5_DHBA.pdbqt,
3_5_DHBA,8Z87,2,-6.436,0.171,2.499,/das/user/QYJI/druggability/data/gpr81_phase1/phase3_docking/poses/8Z87/3_5_DHBA.pdbqt,
3_5_DHBA,8Z87,3,-6.408,1.803,2.703,/das/user/QYJI/druggability/data/gpr81_phase1/phase3_docking/poses/8Z87/3_5_DHBA.pdbqt,
3_5_DHBA,8Z87,4,-6.215,1.739,3.442,/das/user/QYJI/druggability/data/gpr81_phase1/phase3_docking/poses/8Z87/3_5_DHBA.pdbqt,
3_5_DHBA,8Z87,5,-6.149,1.764,3.316,/das/user/QYJI/druggability/data/gpr81_phase1/phase3_docking/poses/8Z87/3_5_DHBA.pdbqt,
3_OBA,8Z87,1,-4.783,0.0,0.0,/das/user/QYJI/druggability/data/gpr81_phase1/phase3_docking/poses/8Z87/3_OBA.pdbqt,
3_OBA,8Z87,2,-4.429,2.037,2.965,/das/user/QYJI/druggability/data/gpr81_phase1/phase3_docking/poses/8Z87/3_OBA.pdbqt,
3_OBA,8Z87,3,-4.421,1.79,3.593,/das/user/QYJI/druggability/data/gpr81_phase1/phase3_docking/poses/8Z87/3_OBA.pdbqt,
3_OBA,8Z87,4,-4.323,8.561,9.173,/das/user/QYJI/druggability/data/gpr81_phase1/phase3_docking/poses/8Z87/3_OBA.pdbqt,
3_OBA,8Z87,5,-4.323,1.769,2.51,/das/user/QYJI/druggability/data/gpr81_phase1/phase3_docking/poses/8Z87/3_OBA.pdbqt,
AZ1_GPR81_agonist_2,9KT9,1,-0.843,0.0,0.0,/das/user/QYJI/druggability/data/gpr81_phase1/phase3_docking/poses/9KT9/AZ1_GPR81_agonist_2.pdbqt,
AZ1_GPR81_agonist_2,9KT9,2,-0.287,1.774,2.231,/das/user/QYJI/druggability/data/gpr81_phase1/phase3_docking/poses/9KT9/AZ1_GPR81_agonist_2.pdbqt,
GPR81_agonist_1,9KT9,1,-4.657,0.0,0.0,/das/user/QYJI/druggability/data/gpr81_phase1/phase3_docking/poses/9KT9/GPR81_agonist_1.pdbqt,
GPR81_agonist_1,9KT9,2,-4.174,10.809,14.289,/das/user/QYJI/druggability/data/gpr81_phase1/phase3_docking/poses/9KT9/GPR81_agonist_1.pdbqt,
GPR81_agonist_1,9KT9,3,-3.957,3.364,8.943,/das/user/QYJI/druggability/data/gpr81_phase1/phase3_docking/poses/9KT9/GPR81_agonist_1.pdbqt,
GPR81_agonist_1,9KT9,4,-3.688,10.959,14.228,/das/user/QYJI/druggability/data/gpr81_phase1/phase3_docking/poses/9KT9/GPR81_agonist_1.pdbqt,
GPR81_agonist_1,9KT9,5,-3.157,4.576,8.526,/das/user/QYJI/druggability/data/gpr81_phase1/phase3_docking/poses/9KT9/GPR81_agonist_1.pdbqt,
CHBA,9KT9,1,-5.908,0.0,0.0,/das/user/QYJI/druggability/data/gpr81_phase1/phase3_docking/poses/9KT9/CHBA.pdbqt,
CHBA,9KT9,2,-5.582,12.401,12.704,/das/user/QYJI/druggability/data/gpr81_phase1/phase3_docking/poses/9KT9/CHBA.pdbqt,
CHBA,9KT9,3,-5.512,10.101,10.866,/das/user/QYJI/druggability/data/gpr81_phase1/phase3_docking/poses/9KT9/CHBA.pdbqt,
CHBA,9KT9,4,-5.443,11.885,12.199,/das/user/QYJI/druggability/data/gpr81_phase1/phase3_docking/poses/9KT9/CHBA.pdbqt,
CHBA,9KT9,5,-5.44,9.299,9.992,/das/user/QYJI/druggability/data/gpr81_phase1/phase3_docking/poses/9KT9/CHBA.pdbqt,
3_5_DHBA,9KT9,1,-5.649,0.0,0.0,/das/user/QYJI/druggability/data/gpr81_phase1/phase3_docking/poses/9KT9/3_5_DHBA.pdbqt,
3_5_DHBA,9KT9,2,-5.617,0.133,2.499,/das/user/QYJI/druggability/data/gpr81_phase1/phase3_docking/poses/9KT9/3_5_DHBA.pdbqt,
3_5_DHBA,9KT9,3,-5.538,9.517,10.573,/das/user/QYJI/druggability/data/gpr81_phase1/phase3_docking/poses/9KT9/3_5_DHBA.pdbqt,
3_5_DHBA,9KT9,4,-5.508,9.503,10.771,/das/user/QYJI/druggability/data/gpr81_phase1/phase3_docking/poses/9KT9/3_5_DHBA.pdbqt,
3_5_DHBA,9KT9,5,-5.385,9.321,10.099,/das/user/QYJI/druggability/data/gpr81_phase1/phase3_docking/poses/9KT9/3_5_DHBA.pdbqt,
3_OBA,9KT9,1,-4.013,0.0,0.0,/das/user/QYJI/druggability/data/gpr81_phase1/phase3_docking/poses/9KT9/3_OBA.pdbqt,
3_OBA,9KT9,2,-3.746,9.056,9.933,/das/user/QYJI/druggability/data/gpr81_phase1/phase3_docking/poses/9KT9/3_OBA.pdbqt,
3_OBA,9KT9,3,-3.727,8.219,8.861,/das/user/QYJI/druggability/data/gpr81_phase1/phase3_docking/poses/9KT9/3_OBA.pdbqt,
3_OBA,9KT9,4,-3.675,8.239,9.126,/das/user/QYJI/druggability/data/gpr81_phase1/phase3_docking/poses/9KT9/3_OBA.pdbqt,
3_OBA,9KT9,5,-3.656,11.326,12.787,/das/user/QYJI/druggability/data/gpr81_phase1/phase3_docking/poses/9KT9/3_OBA.pdbqt,
AZ1_GPR81_agonist_2,8Z8A,1,-3.94,0.0,0.0,/das/user/QYJI/druggability/data/gpr81_phase1/phase3_docking/poses/8Z8A/AZ1_GPR81_agonist_2.pdbqt,
AZ1_GPR81_agonist_2,8Z8A,2,-3.847,1.194,1.358,/das/user/QYJI/druggability/data/gpr81_phase1/phase3_docking/poses/8Z8A/AZ1_GPR81_agonist_2.pdbqt,
AZ1_GPR81_agonist_2,8Z8A,3,-2.976,2.171,3.353,/das/user/QYJI/druggability/data/gpr81_phase1/phase3_docking/poses/8Z8A/AZ1_GPR81_agonist_2.pdbqt,
AZ1_GPR81_agonist_2,8Z8A,4,-2.146,2.146,3.219,/das/user/QYJI/druggability/data/gpr81_phase1/phase3_docking/poses/8Z8A/AZ1_GPR81_agonist_2.pdbqt,
AZ1_GPR81_agonist_2,8Z8A,5,-2.094,3.214,12.926,/das/user/QYJI/druggability/data/gpr81_phase1/phase3_docking/poses/8Z8A/AZ1_GPR81_agonist_2.pdbqt,
GPR81_agonist_1,8Z8A,1,-7.73,0.0,0.0,/das/user/QYJI/druggability/data/gpr81_phase1/phase3_docking/poses/8Z8A/GPR81_agonist_1.pdbqt,
GPR81_agonist_1,8Z8A,2,-7.597,2.368,8.515,/das/user/QYJI/druggability/data/gpr81_phase1/phase3_docking/poses/8Z8A/GPR81_agonist_1.pdbqt,
GPR81_agonist_1,8Z8A,3,-7.509,1.404,1.781,/das/user/QYJI/druggability/data/gpr81_phase1/phase3_docking/poses/8Z8A/GPR81_agonist_1.pdbqt,
GPR81_agonist_1,8Z8A,4,-7.385,1.873,2.365,/das/user/QYJI/druggability/data/gpr81_phase1/phase3_docking/poses/8Z8A/GPR81_agonist_1.pdbqt,
GPR81_agonist_1,8Z8A,5,-6.167,2.578,3.291,/das/user/QYJI/druggability/data/gpr81_phase1/phase3_docking/poses/8Z8A/GPR81_agonist_1.pdbqt,
CHBA,8Z8A,1,-5.929,0.0,0.0,/das/user/QYJI/druggability/data/gpr81_phase1/phase3_docking/poses/8Z8A/CHBA.pdbqt,
CHBA,8Z8A,2,-5.924,2.731,4.331,/das/user/QYJI/druggability/data/gpr81_phase1/phase3_docking/poses/8Z8A/CHBA.pdbqt,
CHBA,8Z8A,3,-5.847,2.728,4.405,/das/user/QYJI/druggability/data/gpr81_phase1/phase3_docking/poses/8Z8A/CHBA.pdbqt,
CHBA,8Z8A,4,-5.839,2.719,3.691,/das/user/QYJI/druggability/data/gpr81_phase1/phase3_docking/poses/8Z8A/CHBA.pdbqt,
CHBA,8Z8A,5,-5.836,1.451,3.774,/das/user/QYJI/druggability/data/gpr81_phase1/phase3_docking/poses/8Z8A/CHBA.pdbqt,
3_5_DHBA,8Z8A,1,-6.28,0.0,0.0,/das/user/QYJI/druggability/data/gpr81_phase1/phase3_docking/poses/8Z8A/3_5_DHBA.pdbqt,
3_5_DHBA,8Z8A,2,-6.217,0.219,2.504,/das/user/QYJI/druggability/data/gpr81_phase1/phase3_docking/poses/8Z8A/3_5_DHBA.pdbqt,
3_5_DHBA,8Z8A,3,-5.967,1.542,3.734,/das/user/QYJI/druggability/data/gpr81_phase1/phase3_docking/poses/8Z8A/3_5_DHBA.pdbqt,
3_5_DHBA,8Z8A,4,-5.955,1.546,2.898,/das/user/QYJI/druggability/data/gpr81_phase1/phase3_docking/poses/8Z8A/3_5_DHBA.pdbqt,
3_5_DHBA,8Z8A,5,-5.94,1.333,4.216,/das/user/QYJI/druggability/data/gpr81_phase1/phase3_docking/poses/8Z8A/3_5_DHBA.pdbqt,
3_OBA,8Z8A,1,-4.638,0.0,0.0,/das/user/QYJI/druggability/data/gpr81_phase1/phase3_docking/poses/8Z8A/3_OBA.pdbqt,
3_OBA,8Z8A,2,-4.477,1.139,3.07,/das/user/QYJI/druggability/data/gpr81_phase1/phase3_docking/poses/8Z8A/3_OBA.pdbqt,
3_OBA,8Z8A,3,-4.349,2.005,3.927,/das/user/QYJI/druggability/data/gpr81_phase1/phase3_docking/poses/8Z8A/3_OBA.pdbqt,
3_OBA,8Z8A,4,-4.296,2.111,2.843,/das/user/QYJI/druggability/data/gpr81_phase1/phase3_docking/poses/8Z8A/3_OBA.pdbqt,
3_OBA,8Z8A,5,-4.173,2.196,3.353,/das/user/QYJI/druggability/data/gpr81_phase1/phase3_docking/poses/8Z8A/3_OBA.pdbqt,
