compound_id,receptor_id,n_poses,best_score_kcal_mol,pose1_score_kcal_mol,score_span_kcal_mol,pose1_core_residues,pose1_contact_residues,pose_ensemble_union_n_residues,pose_ensemble_intersection_n_residues,pose1_core_contact_fraction,warning
3_5_DHBA,8Z87,5,-6.443,-6.443,0.2939999999999996,71;75;92;167;168;261;264;268,ARG71;TYR75;LEU92;GLU166;SER167;PHE168;HIS261;LEU264;TYR268,11,9,0.667,
3_5_DHBA,8Z8A,5,-6.28,-6.28,0.33999999999999986,71;92;95;167;168;261;264;268,ARG71;LEU92;LEU95;GLU166;SER167;PHE168;ILE169;LEU260;HIS261;LEU264;TYR268,13,8,0.667,
3_5_DHBA,9KT9,5,-5.649,-5.649,0.26400000000000023,,CYS6;CYS7;ARG79;CYS157;SER164;GLU166;ILE169;MET170;CYS252;HIS257,18,1,0.0,
3_OBA,8Z87,5,-4.783,-4.783,0.45999999999999996,71;75;167;168;261;264;268,ARG71;TYR75;GLU166;SER167;PHE168;HIS261;LEU264;TYR268,17,0,0.583,
3_OBA,8Z8A,5,-4.638,-4.638,0.46499999999999986,71;75;167;168;261;264;268,ARG71;TYR75;GLU166;SER167;PHE168;ILE169;HIS261;LEU264;TYR268,14,3,0.583,
3_OBA,9KT9,5,-4.013,-4.013,0.35699999999999976,,CYS6;CYS7;ARG79;SER164;GLU166;ILE169,20,0,0.0,
AZ1_GPR81_agonist_2,8Z87,1,10.134,10.134,0.0,71;75;92;95;165;167;168;261;264;268,CYS67;PHE70;ARG71;TYR75;TRP81;PHE83;PRO87;VAL90;GLY91;LEU92;THR94;LEU95;CYS165;GLU166;SER167;PHE168;HIS261;LEU264;SER265;TYR268,20,20,0.833,positive_or_weak_score
AZ1_GPR81_agonist_2,8Z8A,5,-3.94,-3.94,1.846,92;95;96;99;167;168,LEU92;LEU95;ALA96;ARG99;TYR149;LEU150;GLU153;HIS155;SER167;PHE168;MET170;ASN174;HIS177;MET180;PHE181;GLU184,23,11,0.5,broad_pose_ensemble
AZ1_GPR81_agonist_2,9KT9,2,-0.843,-0.843,0.556,,CYS6;CYS7;ILE9;TYR149;GLU153;ASN154;HIS155;CYS157;SER164;GLU166;ILE169;MET170;ALA173;TRP176;HIS177;HIS257,20,13,0.0,positive_or_weak_score
CHBA,8Z87,5,-6.3,-6.3,0.3730000000000002,71;75;99;167;168;261;264;268,ARG71;TYR75;ARG99;GLU166;SER167;PHE168;HIS261;LEU264;TYR268,11,8,0.667,
CHBA,8Z8A,5,-5.929,-5.929,0.09299999999999997,71;75;92;167;168;261;264;268,MET18;ARG71;TYR75;LEU92;SER167;PHE168;ILE169;LEU260;HIS261;LEU264;TYR268,14,7,0.667,
CHBA,9KT9,5,-5.908,-5.908,0.46799999999999997,,CYS6;CYS7;ARG79;CYS157;SER164;GLU166;ILE169;MET170;CYS252;HIS257,23,0,0.0,
GPR81_agonist_1,8Z87,2,-4.856,-4.856,2.926,,CYS6;CYS7;ARG8;ILE9;ARG79;GLU153;ASN154;HIS155;LEU156;CYS157;SER164;GLU166;ILE169;MET170;GLU171;ASN174;HIS257,17,13,0.0,broad_pose_ensemble
GPR81_agonist_1,8Z8A,5,-7.73,-7.73,1.5630000000000006,167,CYS7;ILE9;ARG79;TYR149;GLU153;HIS155;CYS157;SER164;GLU166;SER167;ILE169;MET170;GLU171;ASN174;HIS177;HIS257,19,6,0.083,broad_pose_ensemble
GPR81_agonist_1,9KT9,5,-4.657,-4.657,1.5,,CYS6;CYS7;ILE9;ARG79;ASN154;HIS155;LEU156;CYS157;SER164;GLU166;ILE169;ALA173;HIS257,34,0,0.0,
